fzero-zs0.05-zr0-g0-gp0-force0-h0	F	3	true	false	0	0	0	0.05	0	0	0	0	-
fzero-zs0.05-zr0-g0-gp0-force0-h1	F	3	true	false	0	0	0	0.05	0	0	0	1	-
fzero-zs0.05-zr0-g0-gp0-force0-h1.25	F	3	true	false	0	0	0	0.05	0	0	0	1.25	-
fzero-zs0.05-zr0-g0-gp0-force0-h2	F	3	true	false	0	0	0	0.05	0	0	0	2	-
fzero-zs0.05-zr0-g0-gp0-force1-h0	F	3	true	true	0	0	0	0.05	0	0	0	0	-
fzero-zs0.05-zr0-g0-gp0-force1-h1	F	3	true	true	0	0	0	0.05	0	0	0	1	-
fzero-zs0.05-zr0-g0-gp0-force1-h1.25	F	3	true	true	0	0	0	0.05	0	0	0	1.25	-
fzero-zs0.05-zr0-g0-gp0-force1-h2	F	3	true	true	0	0	0	0.05	0	0	0	2	-
fzero-zs0.05-zr0-g0.5-gp0-force0-h0	F	3	true	false	0	0	0	0.05	0	0.5	0	0	-
fzero-zs0.05-zr0-g0.5-gp0-force0-h1	F	3	true	false	0	0	0	0.05	0	0.5	0	1	-
fzero-zs0.05-zr0-g0.5-gp0-force0-h1.25	F	3	true	false	0	0	0	0.05	0	0.5	0	1.25	-
fzero-zs0.05-zr0-g0.5-gp0-force0-h2	F	3	true	false	0	0	0	0.05	0	0.5	0	2	-
fzero-zs0.05-zr0-g0.5-gp0-force1-h0	F	3	true	true	0	0	0	0.05	0	0.5	0	0	-
fzero-zs0.05-zr0-g0.5-gp0-force1-h1	F	3	true	true	0	0	0	0.05	0	0.5	0	1	-
fzero-zs0.05-zr0-g0.5-gp0-force1-h1.25	F	3	true	true	0	0	0	0.05	0	0.5	0	1.25	-
fzero-zs0.05-zr0-g0.5-gp0-force1-h2	F	3	true	true	0	0	0	0.05	0	0.5	0	2	-
fzero-zs0.05-zr0-g1-gp0-force0-h0	F	3	true	false	0	0	0	0.05	0	1	0	0	-
fzero-zs0.05-zr0-g1-gp0-force0-h1	F	3	true	false	0	0	0	0.05	0	1	0	1	-
fzero-zs0.05-zr0-g1-gp0-force0-h1.25	F	3	true	false	0	0	0	0.05	0	1	0	1.25	-
fzero-zs0.05-zr0-g1-gp0-force0-h2	F	3	true	false	0	0	0	0.05	0	1	0	2	-
fzero-zs0.05-zr0-g1-gp0-force1-h0	F	3	true	true	0	0	0	0.05	0	1	0	0	-
fzero-zs0.05-zr0-g1-gp0-force1-h1	F	3	true	true	0	0	0	0.05	0	1	0	1	-
fzero-zs0.05-zr0-g1-gp0-force1-h1.25	F	3	true	true	0	0	0	0.05	0	1	0	1.25	-
fzero-zs0.05-zr0-g1-gp0-force1-h2	F	3	true	true	0	0	0	0.05	0	1	0	2	-
fzero-zs0.05-zr0-g0-gp0.5-force0-h0	F	3	true	false	0	0	0	0.05	0	0	0.5	0	-
fzero-zs0.05-zr0-g0-gp0.5-force0-h1	F	3	true	false	0	0	0	0.05	0	0	0.5	1	-
fzero-zs0.05-zr0-g0-gp0.5-force0-h1.25	F	3	true	false	0	0	0	0.05	0	0	0.5	1.25	-
fzero-zs0.05-zr0-g0-gp0.5-force0-h2	F	3	true	false	0	0	0	0.05	0	0	0.5	2	-
fzero-zs0.05-zr0-g0-gp0.5-force1-h0	F	3	true	true	0	0	0	0.05	0	0	0.5	0	-
fzero-zs0.05-zr0-g0-gp0.5-force1-h1	F	3	true	true	0	0	0	0.05	0	0	0.5	1	-
fzero-zs0.05-zr0-g0-gp0.5-force1-h1.25	F	3	true	true	0	0	0	0.05	0	0	0.5	1.25	-
fzero-zs0.05-zr0-g0-gp0.5-force1-h2	F	3	true	true	0	0	0	0.05	0	0	0.5	2	-
fzero-zs0.05-zr0-g0.5-gp0.5-force0-h0	F	3	true	false	0	0	0	0.05	0	0.5	0.5	0	-
fzero-zs0.05-zr0-g0.5-gp0.5-force0-h1	F	3	true	false	0	0	0	0.05	0	0.5	0.5	1	-
fzero-zs0.05-zr0-g0.5-gp0.5-force0-h1.25	F	3	true	false	0	0	0	0.05	0	0.5	0.5	1.25	-
fzero-zs0.05-zr0-g0.5-gp0.5-force0-h2	F	3	true	false	0	0	0	0.05	0	0.5	0.5	2	-
fzero-zs0.05-zr0-g0.5-gp0.5-force1-h0	F	3	true	true	0	0	0	0.05	0	0.5	0.5	0	-
fzero-zs0.05-zr0-g0.5-gp0.5-force1-h1	F	3	true	true	0	0	0	0.05	0	0.5	0.5	1	-
fzero-zs0.05-zr0-g0.5-gp0.5-force1-h1.25	F	3	true	true	0	0	0	0.05	0	0.5	0.5	1.25	-
fzero-zs0.05-zr0-g0.5-gp0.5-force1-h2	F	3	true	true	0	0	0	0.05	0	0.5	0.5	2	-
fzero-zs0.05-zr0-g1-gp0.5-force0-h0	F	3	true	false	0	0	0	0.05	0	1	0.5	0	-
fzero-zs0.05-zr0-g1-gp0.5-force0-h1	F	3	true	false	0	0	0	0.05	0	1	0.5	1	-
fzero-zs0.05-zr0-g1-gp0.5-force0-h1.25	F	3	true	false	0	0	0	0.05	0	1	0.5	1.25	-
fzero-zs0.05-zr0-g1-gp0.5-force0-h2	F	3	true	false	0	0	0	0.05	0	1	0.5	2	-
fzero-zs0.05-zr0-g1-gp0.5-force1-h0	F	3	true	true	0	0	0	0.05	0	1	0.5	0	-
fzero-zs0.05-zr0-g1-gp0.5-force1-h1	F	3	true	true	0	0	0	0.05	0	1	0.5	1	-
fzero-zs0.05-zr0-g1-gp0.5-force1-h1.25	F	3	true	true	0	0	0	0.05	0	1	0.5	1.25	-
fzero-zs0.05-zr0-g1-gp0.5-force1-h2	F	3	true	true	0	0	0	0.05	0	1	0.5	2	-
fzero-zs0.05-zr0-g0-gp1-force0-h0	F	3	true	false	0	0	0	0.05	0	0	1	0	-
fzero-zs0.05-zr0-g0-gp1-force0-h1	F	3	true	false	0	0	0	0.05	0	0	1	1	-
fzero-zs0.05-zr0-g0-gp1-force0-h1.25	F	3	true	false	0	0	0	0.05	0	0	1	1.25	-
fzero-zs0.05-zr0-g0-gp1-force0-h2	F	3	true	false	0	0	0	0.05	0	0	1	2	-
fzero-zs0.05-zr0-g0-gp1-force1-h0	F	3	true	true	0	0	0	0.05	0	0	1	0	-
fzero-zs0.05-zr0-g0-gp1-force1-h1	F	3	true	true	0	0	0	0.05	0	0	1	1	-
fzero-zs0.05-zr0-g0-gp1-force1-h1.25	F	3	true	true	0	0	0	0.05	0	0	1	1.25	-
fzero-zs0.05-zr0-g0-gp1-force1-h2	F	3	true	true	0	0	0	0.05	0	0	1	2	-
fzero-zs0.05-zr0-g0.5-gp1-force0-h0	F	3	true	false	0	0	0	0.05	0	0.5	1	0	-
fzero-zs0.05-zr0-g0.5-gp1-force0-h1	F	3	true	false	0	0	0	0.05	0	0.5	1	1	-
fzero-zs0.05-zr0-g0.5-gp1-force0-h1.25	F	3	true	false	0	0	0	0.05	0	0.5	1	1.25	-
fzero-zs0.05-zr0-g0.5-gp1-force0-h2	F	3	true	false	0	0	0	0.05	0	0.5	1	2	-
fzero-zs0.05-zr0-g0.5-gp1-force1-h0	F	3	true	true	0	0	0	0.05	0	0.5	1	0	-
fzero-zs0.05-zr0-g0.5-gp1-force1-h1	F	3	true	true	0	0	0	0.05	0	0.5	1	1	-
fzero-zs0.05-zr0-g0.5-gp1-force1-h1.25	F	3	true	true	0	0	0	0.05	0	0.5	1	1.25	-
fzero-zs0.05-zr0-g0.5-gp1-force1-h2	F	3	true	true	0	0	0	0.05	0	0.5	1	2	-
fzero-zs0.05-zr0-g1-gp1-force0-h0	F	3	true	false	0	0	0	0.05	0	1	1	0	-
fzero-zs0.05-zr0-g1-gp1-force0-h1	F	3	true	false	0	0	0	0.05	0	1	1	1	-
fzero-zs0.05-zr0-g1-gp1-force0-h1.25	F	3	true	false	0	0	0	0.05	0	1	1	1.25	-
fzero-zs0.05-zr0-g1-gp1-force0-h2	F	3	true	false	0	0	0	0.05	0	1	1	2	-
fzero-zs0.05-zr0-g1-gp1-force1-h0	F	3	true	true	0	0	0	0.05	0	1	1	0	-
fzero-zs0.05-zr0-g1-gp1-force1-h1	F	3	true	true	0	0	0	0.05	0	1	1	1	-
fzero-zs0.05-zr0-g1-gp1-force1-h1.25	F	3	true	true	0	0	0	0.05	0	1	1	1.25	-
fzero-zs0.05-zr0-g1-gp1-force1-h2	F	3	true	true	0	0	0	0.05	0	1	1	2	-
fzero-zs0-zr0.05-g0-gp0-force0-h0	F	3	true	false	0	0	0	0	0.05	0	0	0	-
fzero-zs0-zr0.05-g0-gp0-force0-h1	F	3	true	false	0	0	0	0	0.05	0	0	1	-
fzero-zs0-zr0.05-g0-gp0-force0-h1.25	F	3	true	false	0	0	0	0	0.05	0	0	1.25	-
fzero-zs0-zr0.05-g0-gp0-force0-h2	F	3	true	false	0	0	0	0	0.05	0	0	2	-
fzero-zs0-zr0.05-g0-gp0-force1-h0	F	3	true	true	0	0	0	0	0.05	0	0	0	-
fzero-zs0-zr0.05-g0-gp0-force1-h1	F	3	true	true	0	0	0	0	0.05	0	0	1	-
fzero-zs0-zr0.05-g0-gp0-force1-h1.25	F	3	true	true	0	0	0	0	0.05	0	0	1.25	-
fzero-zs0-zr0.05-g0-gp0-force1-h2	F	3	true	true	0	0	0	0	0.05	0	0	2	-
fzero-zs0-zr0.05-g0.5-gp0-force0-h0	F	3	true	false	0	0	0	0	0.05	0.5	0	0	-
fzero-zs0-zr0.05-g0.5-gp0-force0-h1	F	3	true	false	0	0	0	0	0.05	0.5	0	1	-
fzero-zs0-zr0.05-g0.5-gp0-force0-h1.25	F	3	true	false	0	0	0	0	0.05	0.5	0	1.25	-
fzero-zs0-zr0.05-g0.5-gp0-force0-h2	F	3	true	false	0	0	0	0	0.05	0.5	0	2	-
fzero-zs0-zr0.05-g0.5-gp0-force1-h0	F	3	true	true	0	0	0	0	0.05	0.5	0	0	-
fzero-zs0-zr0.05-g0.5-gp0-force1-h1	F	3	true	true	0	0	0	0	0.05	0.5	0	1	-
fzero-zs0-zr0.05-g0.5-gp0-force1-h1.25	F	3	true	true	0	0	0	0	0.05	0.5	0	1.25	-
fzero-zs0-zr0.05-g0.5-gp0-force1-h2	F	3	true	true	0	0	0	0	0.05	0.5	0	2	-
fzero-zs0-zr0.05-g1-gp0-force0-h0	F	3	true	false	0	0	0	0	0.05	1	0	0	-
fzero-zs0-zr0.05-g1-gp0-force0-h1	F	3	true	false	0	0	0	0	0.05	1	0	1	-
fzero-zs0-zr0.05-g1-gp0-force0-h1.25	F	3	true	false	0	0	0	0	0.05	1	0	1.25	-
fzero-zs0-zr0.05-g1-gp0-force0-h2	F	3	true	false	0	0	0	0	0.05	1	0	2	-
fzero-zs0-zr0.05-g1-gp0-force1-h0	F	3	true	true	0	0	0	0	0.05	1	0	0	-
fzero-zs0-zr0.05-g1-gp0-force1-h1	F	3	true	true	0	0	0	0	0.05	1	0	1	-
fzero-zs0-zr0.05-g1-gp0-force1-h1.25	F	3	true	true	0	0	0	0	0.05	1	0	1.25	-
fzero-zs0-zr0.05-g1-gp0-force1-h2	F	3	true	true	0	0	0	0	0.05	1	0	2	-
fzero-zs0-zr0.05-g0-gp0.5-force0-h0	F	3	true	false	0	0	0	0	0.05	0	0.5	0	-
fzero-zs0-zr0.05-g0-gp0.5-force0-h1	F	3	true	false	0	0	0	0	0.05	0	0.5	1	-
fzero-zs0-zr0.05-g0-gp0.5-force0-h1.25	F	3	true	false	0	0	0	0	0.05	0	0.5	1.25	-
fzero-zs0-zr0.05-g0-gp0.5-force0-h2	F	3	true	false	0	0	0	0	0.05	0	0.5	2	-
fzero-zs0-zr0.05-g0-gp0.5-force1-h0	F	3	true	true	0	0	0	0	0.05	0	0.5	0	-
fzero-zs0-zr0.05-g0-gp0.5-force1-h1	F	3	true	true	0	0	0	0	0.05	0	0.5	1	-
fzero-zs0-zr0.05-g0-gp0.5-force1-h1.25	F	3	true	true	0	0	0	0	0.05	0	0.5	1.25	-
fzero-zs0-zr0.05-g0-gp0.5-force1-h2	F	3	true	true	0	0	0	0	0.05	0	0.5	2	-
fzero-zs0-zr0.05-g0.5-gp0.5-force0-h0	F	3	true	false	0	0	0	0	0.05	0.5	0.5	0	-
fzero-zs0-zr0.05-g0.5-gp0.5-force0-h1	F	3	true	false	0	0	0	0	0.05	0.5	0.5	1	-
fzero-zs0-zr0.05-g0.5-gp0.5-force0-h1.25	F	3	true	false	0	0	0	0	0.05	0.5	0.5	1.25	-
fzero-zs0-zr0.05-g0.5-gp0.5-force0-h2	F	3	true	false	0	0	0	0	0.05	0.5	0.5	2	-
fzero-zs0-zr0.05-g0.5-gp0.5-force1-h0	F	3	true	true	0	0	0	0	0.05	0.5	0.5	0	-
fzero-zs0-zr0.05-g0.5-gp0.5-force1-h1	F	3	true	true	0	0	0	0	0.05	0.5	0.5	1	-
fzero-zs0-zr0.05-g0.5-gp0.5-force1-h1.25	F	3	true	true	0	0	0	0	0.05	0.5	0.5	1.25	-
fzero-zs0-zr0.05-g0.5-gp0.5-force1-h2	F	3	true	true	0	0	0	0	0.05	0.5	0.5	2	-
fzero-zs0-zr0.05-g1-gp0.5-force0-h0	F	3	true	false	0	0	0	0	0.05	1	0.5	0	-
fzero-zs0-zr0.05-g1-gp0.5-force0-h1	F	3	true	false	0	0	0	0	0.05	1	0.5	1	-
fzero-zs0-zr0.05-g1-gp0.5-force0-h1.25	F	3	true	false	0	0	0	0	0.05	1	0.5	1.25	-
fzero-zs0-zr0.05-g1-gp0.5-force0-h2	F	3	true	false	0	0	0	0	0.05	1	0.5	2	-
fzero-zs0-zr0.05-g1-gp0.5-force1-h0	F	3	true	true	0	0	0	0	0.05	1	0.5	0	-
fzero-zs0-zr0.05-g1-gp0.5-force1-h1	F	3	true	true	0	0	0	0	0.05	1	0.5	1	-
fzero-zs0-zr0.05-g1-gp0.5-force1-h1.25	F	3	true	true	0	0	0	0	0.05	1	0.5	1.25	-
fzero-zs0-zr0.05-g1-gp0.5-force1-h2	F	3	true	true	0	0	0	0	0.05	1	0.5	2	-
fzero-zs0-zr0.05-g0-gp1-force0-h0	F	3	true	false	0	0	0	0	0.05	0	1	0	-
fzero-zs0-zr0.05-g0-gp1-force0-h1	F	3	true	false	0	0	0	0	0.05	0	1	1	-
fzero-zs0-zr0.05-g0-gp1-force0-h1.25	F	3	true	false	0	0	0	0	0.05	0	1	1.25	-
fzero-zs0-zr0.05-g0-gp1-force0-h2	F	3	true	false	0	0	0	0	0.05	0	1	2	-
fzero-zs0-zr0.05-g0-gp1-force1-h0	F	3	true	true	0	0	0	0	0.05	0	1	0	-
fzero-zs0-zr0.05-g0-gp1-force1-h1	F	3	true	true	0	0	0	0	0.05	0	1	1	-
fzero-zs0-zr0.05-g0-gp1-force1-h1.25	F	3	true	true	0	0	0	0	0.05	0	1	1.25	-
fzero-zs0-zr0.05-g0-gp1-force1-h2	F	3	true	true	0	0	0	0	0.05	0	1	2	-
fzero-zs0-zr0.05-g0.5-gp1-force0-h0	F	3	true	false	0	0	0	0	0.05	0.5	1	0	-
fzero-zs0-zr0.05-g0.5-gp1-force0-h1	F	3	true	false	0	0	0	0	0.05	0.5	1	1	-
fzero-zs0-zr0.05-g0.5-gp1-force0-h1.25	F	3	true	false	0	0	0	0	0.05	0.5	1	1.25	-
fzero-zs0-zr0.05-g0.5-gp1-force0-h2	F	3	true	false	0	0	0	0	0.05	0.5	1	2	-
fzero-zs0-zr0.05-g0.5-gp1-force1-h0	F	3	true	true	0	0	0	0	0.05	0.5	1	0	-
fzero-zs0-zr0.05-g0.5-gp1-force1-h1	F	3	true	true	0	0	0	0	0.05	0.5	1	1	-
fzero-zs0-zr0.05-g0.5-gp1-force1-h1.25	F	3	true	true	0	0	0	0	0.05	0.5	1	1.25	-
fzero-zs0-zr0.05-g0.5-gp1-force1-h2	F	3	true	true	0	0	0	0	0.05	0.5	1	2	-
fzero-zs0-zr0.05-g1-gp1-force0-h0	F	3	true	false	0	0	0	0	0.05	1	1	0	-
fzero-zs0-zr0.05-g1-gp1-force0-h1	F	3	true	false	0	0	0	0	0.05	1	1	1	-
fzero-zs0-zr0.05-g1-gp1-force0-h1.25	F	3	true	false	0	0	0	0	0.05	1	1	1.25	-
fzero-zs0-zr0.05-g1-gp1-force0-h2	F	3	true	false	0	0	0	0	0.05	1	1	2	-
fzero-zs0-zr0.05-g1-gp1-force1-h0	F	3	true	true	0	0	0	0	0.05	1	1	0	-
fzero-zs0-zr0.05-g1-gp1-force1-h1	F	3	true	true	0	0	0	0	0.05	1	1	1	-
fzero-zs0-zr0.05-g1-gp1-force1-h1.25	F	3	true	true	0	0	0	0	0.05	1	1	1.25	-
fzero-zs0-zr0.05-g1-gp1-force1-h2	F	3	true	true	0	0	0	0	0.05	1	1	2	-
fzero-zs0.05-zr0.02-g0-gp0-force0-h0	F	3	true	false	0	0	0	0.05	0.02	0	0	0	-
fzero-zs0.05-zr0.02-g0-gp0-force0-h1	F	3	true	false	0	0	0	0.05	0.02	0	0	1	-
fzero-zs0.05-zr0.02-g0-gp0-force0-h1.25	F	3	true	false	0	0	0	0.05	0.02	0	0	1.25	-
fzero-zs0.05-zr0.02-g0-gp0-force0-h2	F	3	true	false	0	0	0	0.05	0.02	0	0	2	-
fzero-zs0.05-zr0.02-g0-gp0-force1-h0	F	3	true	true	0	0	0	0.05	0.02	0	0	0	-
fzero-zs0.05-zr0.02-g0-gp0-force1-h1	F	3	true	true	0	0	0	0.05	0.02	0	0	1	-
fzero-zs0.05-zr0.02-g0-gp0-force1-h1.25	F	3	true	true	0	0	0	0.05	0.02	0	0	1.25	-
fzero-zs0.05-zr0.02-g0-gp0-force1-h2	F	3	true	true	0	0	0	0.05	0.02	0	0	2	-
fzero-zs0.05-zr0.02-g0.5-gp0-force0-h0	F	3	true	false	0	0	0	0.05	0.02	0.5	0	0	-
fzero-zs0.05-zr0.02-g0.5-gp0-force0-h1	F	3	true	false	0	0	0	0.05	0.02	0.5	0	1	-
fzero-zs0.05-zr0.02-g0.5-gp0-force0-h1.25	F	3	true	false	0	0	0	0.05	0.02	0.5	0	1.25	-
fzero-zs0.05-zr0.02-g0.5-gp0-force0-h2	F	3	true	false	0	0	0	0.05	0.02	0.5	0	2	-
fzero-zs0.05-zr0.02-g0.5-gp0-force1-h0	F	3	true	true	0	0	0	0.05	0.02	0.5	0	0	-
fzero-zs0.05-zr0.02-g0.5-gp0-force1-h1	F	3	true	true	0	0	0	0.05	0.02	0.5	0	1	-
fzero-zs0.05-zr0.02-g0.5-gp0-force1-h1.25	F	3	true	true	0	0	0	0.05	0.02	0.5	0	1.25	-
fzero-zs0.05-zr0.02-g0.5-gp0-force1-h2	F	3	true	true	0	0	0	0.05	0.02	0.5	0	2	-
fzero-zs0.05-zr0.02-g1-gp0-force0-h0	F	3	true	false	0	0	0	0.05	0.02	1	0	0	-
fzero-zs0.05-zr0.02-g1-gp0-force0-h1	F	3	true	false	0	0	0	0.05	0.02	1	0	1	-
fzero-zs0.05-zr0.02-g1-gp0-force0-h1.25	F	3	true	false	0	0	0	0.05	0.02	1	0	1.25	-
fzero-zs0.05-zr0.02-g1-gp0-force0-h2	F	3	true	false	0	0	0	0.05	0.02	1	0	2	-
fzero-zs0.05-zr0.02-g1-gp0-force1-h0	F	3	true	true	0	0	0	0.05	0.02	1	0	0	-
fzero-zs0.05-zr0.02-g1-gp0-force1-h1	F	3	true	true	0	0	0	0.05	0.02	1	0	1	-
fzero-zs0.05-zr0.02-g1-gp0-force1-h1.25	F	3	true	true	0	0	0	0.05	0.02	1	0	1.25	-
fzero-zs0.05-zr0.02-g1-gp0-force1-h2	F	3	true	true	0	0	0	0.05	0.02	1	0	2	-
fzero-zs0.05-zr0.02-g0-gp0.5-force0-h0	F	3	true	false	0	0	0	0.05	0.02	0	0.5	0	-
fzero-zs0.05-zr0.02-g0-gp0.5-force0-h1	F	3	true	false	0	0	0	0.05	0.02	0	0.5	1	-
fzero-zs0.05-zr0.02-g0-gp0.5-force0-h1.25	F	3	true	false	0	0	0	0.05	0.02	0	0.5	1.25	-
fzero-zs0.05-zr0.02-g0-gp0.5-force0-h2	F	3	true	false	0	0	0	0.05	0.02	0	0.5	2	-
fzero-zs0.05-zr0.02-g0-gp0.5-force1-h0	F	3	true	true	0	0	0	0.05	0.02	0	0.5	0	-
fzero-zs0.05-zr0.02-g0-gp0.5-force1-h1	F	3	true	true	0	0	0	0.05	0.02	0	0.5	1	-
fzero-zs0.05-zr0.02-g0-gp0.5-force1-h1.25	F	3	true	true	0	0	0	0.05	0.02	0	0.5	1.25	-
fzero-zs0.05-zr0.02-g0-gp0.5-force1-h2	F	3	true	true	0	0	0	0.05	0.02	0	0.5	2	-
fzero-zs0.05-zr0.02-g0.5-gp0.5-force0-h0	F	3	true	false	0	0	0	0.05	0.02	0.5	0.5	0	-
fzero-zs0.05-zr0.02-g0.5-gp0.5-force0-h1	F	3	true	false	0	0	0	0.05	0.02	0.5	0.5	1	-
fzero-zs0.05-zr0.02-g0.5-gp0.5-force0-h1.25	F	3	true	false	0	0	0	0.05	0.02	0.5	0.5	1.25	-
fzero-zs0.05-zr0.02-g0.5-gp0.5-force0-h2	F	3	true	false	0	0	0	0.05	0.02	0.5	0.5	2	-
fzero-zs0.05-zr0.02-g0.5-gp0.5-force1-h0	F	3	true	true	0	0	0	0.05	0.02	0.5	0.5	0	-
fzero-zs0.05-zr0.02-g0.5-gp0.5-force1-h1	F	3	true	true	0	0	0	0.05	0.02	0.5	0.5	1	-
fzero-zs0.05-zr0.02-g0.5-gp0.5-force1-h1.25	F	3	true	true	0	0	0	0.05	0.02	0.5	0.5	1.25	-
fzero-zs0.05-zr0.02-g0.5-gp0.5-force1-h2	F	3	true	true	0	0	0	0.05	0.02	0.5	0.5	2	-
fzero-zs0.05-zr0.02-g1-gp0.5-force0-h0	F	3	true	false	0	0	0	0.05	0.02	1	0.5	0	-
fzero-zs0.05-zr0.02-g1-gp0.5-force0-h1	F	3	true	false	0	0	0	0.05	0.02	1	0.5	1	-
fzero-zs0.05-zr0.02-g1-gp0.5-force0-h1.25	F	3	true	false	0	0	0	0.05	0.02	1	0.5	1.25	-
fzero-zs0.05-zr0.02-g1-gp0.5-force0-h2	F	3	true	false	0	0	0	0.05	0.02	1	0.5	2	-
fzero-zs0.05-zr0.02-g1-gp0.5-force1-h0	F	3	true	true	0	0	0	0.05	0.02	1	0.5	0	-
fzero-zs0.05-zr0.02-g1-gp0.5-force1-h1	F	3	true	true	0	0	0	0.05	0.02	1	0.5	1	-
fzero-zs0.05-zr0.02-g1-gp0.5-force1-h1.25	F	3	true	true	0	0	0	0.05	0.02	1	0.5	1.25	-
fzero-zs0.05-zr0.02-g1-gp0.5-force1-h2	F	3	true	true	0	0	0	0.05	0.02	1	0.5	2	-
fzero-zs0.05-zr0.02-g0-gp1-force0-h0	F	3	true	false	0	0	0	0.05	0.02	0	1	0	-
fzero-zs0.05-zr0.02-g0-gp1-force0-h1	F	3	true	false	0	0	0	0.05	0.02	0	1	1	-
fzero-zs0.05-zr0.02-g0-gp1-force0-h1.25	F	3	true	false	0	0	0	0.05	0.02	0	1	1.25	-
fzero-zs0.05-zr0.02-g0-gp1-force0-h2	F	3	true	false	0	0	0	0.05	0.02	0	1	2	-
fzero-zs0.05-zr0.02-g0-gp1-force1-h0	F	3	true	true	0	0	0	0.05	0.02	0	1	0	-
fzero-zs0.05-zr0.02-g0-gp1-force1-h1	F	3	true	true	0	0	0	0.05	0.02	0	1	1	-
fzero-zs0.05-zr0.02-g0-gp1-force1-h1.25	F	3	true	true	0	0	0	0.05	0.02	0	1	1.25	-
fzero-zs0.05-zr0.02-g0-gp1-force1-h2	F	3	true	true	0	0	0	0.05	0.02	0	1	2	-
fzero-zs0.05-zr0.02-g0.5-gp1-force0-h0	F	3	true	false	0	0	0	0.05	0.02	0.5	1	0	-
fzero-zs0.05-zr0.02-g0.5-gp1-force0-h1	F	3	true	false	0	0	0	0.05	0.02	0.5	1	1	-
fzero-zs0.05-zr0.02-g0.5-gp1-force0-h1.25	F	3	true	false	0	0	0	0.05	0.02	0.5	1	1.25	-
fzero-zs0.05-zr0.02-g0.5-gp1-force0-h2	F	3	true	false	0	0	0	0.05	0.02	0.5	1	2	-
fzero-zs0.05-zr0.02-g0.5-gp1-force1-h0	F	3	true	true	0	0	0	0.05	0.02	0.5	1	0	-
fzero-zs0.05-zr0.02-g0.5-gp1-force1-h1	F	3	true	true	0	0	0	0.05	0.02	0.5	1	1	-
fzero-zs0.05-zr0.02-g0.5-gp1-force1-h1.25	F	3	true	true	0	0	0	0.05	0.02	0.5	1	1.25	-
fzero-zs0.05-zr0.02-g0.5-gp1-force1-h2	F	3	true	true	0	0	0	0.05	0.02	0.5	1	2	-
fzero-zs0.05-zr0.02-g1-gp1-force0-h0	F	3	true	false	0	0	0	0.05	0.02	1	1	0	-
fzero-zs0.05-zr0.02-g1-gp1-force0-h1	F	3	true	false	0	0	0	0.05	0.02	1	1	1	-
fzero-zs0.05-zr0.02-g1-gp1-force0-h1.25	F	3	true	false	0	0	0	0.05	0.02	1	1	1.25	-
fzero-zs0.05-zr0.02-g1-gp1-force0-h2	F	3	true	false	0	0	0	0.05	0.02	1	1	2	-
fzero-zs0.05-zr0.02-g1-gp1-force1-h0	F	3	true	true	0	0	0	0.05	0.02	1	1	0	-
fzero-zs0.05-zr0.02-g1-gp1-force1-h1	F	3	true	true	0	0	0	0.05	0.02	1	1	1	-
fzero-zs0.05-zr0.02-g1-gp1-force1-h1.25	F	3	true	true	0	0	0	0.05	0.02	1	1	1.25	-
fzero-zs0.05-zr0.02-g1-gp1-force1-h2	F	3	true	true	0	0	0	0.05	0.02	1	1	2	-
fzero-zs0-zr0-g0-gp0-force0-h0	F	3	true	false	0	0	0	0	0	0	0	0	-
fzero-zs0-zr0-g0-gp0-force0-h1	F	3	true	false	0	0	0	0	0	0	0	1	-
fzero-zs0-zr0-g0-gp0-force0-h1.25	F	3	true	false	0	0	0	0	0	0	0	1.25	-
fzero-zs0-zr0-g0-gp0-force0-h2	F	3	true	false	0	0	0	0	0	0	0	2	-
fzero-zs0-zr0-g0-gp0-force1-h0	F	3	true	true	0	0	0	0	0	0	0	0	-
fzero-zs0-zr0-g0-gp0-force1-h1	F	3	true	true	0	0	0	0	0	0	0	1	-
fzero-zs0-zr0-g0-gp0-force1-h1.25	F	3	true	true	0	0	0	0	0	0	0	1.25	-
fzero-zs0-zr0-g0-gp0-force1-h2	F	3	true	true	0	0	0	0	0	0	0	2	-
fzero-zs0-zr0-g0.5-gp0-force0-h0	F	3	true	false	0	0	0	0	0	0.5	0	0	-
fzero-zs0-zr0-g0.5-gp0-force0-h1	F	3	true	false	0	0	0	0	0	0.5	0	1	-
fzero-zs0-zr0-g0.5-gp0-force0-h1.25	F	3	true	false	0	0	0	0	0	0.5	0	1.25	-
fzero-zs0-zr0-g0.5-gp0-force0-h2	F	3	true	false	0	0	0	0	0	0.5	0	2	-
fzero-zs0-zr0-g0.5-gp0-force1-h0	F	3	true	true	0	0	0	0	0	0.5	0	0	-
fzero-zs0-zr0-g0.5-gp0-force1-h1	F	3	true	true	0	0	0	0	0	0.5	0	1	-
fzero-zs0-zr0-g0.5-gp0-force1-h1.25	F	3	true	true	0	0	0	0	0	0.5	0	1.25	-
fzero-zs0-zr0-g0.5-gp0-force1-h2	F	3	true	true	0	0	0	0	0	0.5	0	2	-
fzero-zs0-zr0-g1-gp0-force0-h0	F	3	true	false	0	0	0	0	0	1	0	0	-
fzero-zs0-zr0-g1-gp0-force0-h1	F	3	true	false	0	0	0	0	0	1	0	1	-
fzero-zs0-zr0-g1-gp0-force0-h1.25	F	3	true	false	0	0	0	0	0	1	0	1.25	-
fzero-zs0-zr0-g1-gp0-force0-h2	F	3	true	false	0	0	0	0	0	1	0	2	-
fzero-zs0-zr0-g1-gp0-force1-h0	F	3	true	true	0	0	0	0	0	1	0	0	-
fzero-zs0-zr0-g1-gp0-force1-h1	F	3	true	true	0	0	0	0	0	1	0	1	-
fzero-zs0-zr0-g1-gp0-force1-h1.25	F	3	true	true	0	0	0	0	0	1	0	1.25	-
fzero-zs0-zr0-g1-gp0-force1-h2	F	3	true	true	0	0	0	0	0	1	0	2	-
fzero-zs0-zr0-g0-gp0.5-force0-h0	F	3	true	false	0	0	0	0	0	0	0.5	0	-
fzero-zs0-zr0-g0-gp0.5-force0-h1	F	3	true	false	0	0	0	0	0	0	0.5	1	-
fzero-zs0-zr0-g0-gp0.5-force0-h1.25	F	3	true	false	0	0	0	0	0	0	0.5	1.25	-
fzero-zs0-zr0-g0-gp0.5-force0-h2	F	3	true	false	0	0	0	0	0	0	0.5	2	-
fzero-zs0-zr0-g0-gp0.5-force1-h0	F	3	true	true	0	0	0	0	0	0	0.5	0	-
fzero-zs0-zr0-g0-gp0.5-force1-h1	F	3	true	true	0	0	0	0	0	0	0.5	1	-
fzero-zs0-zr0-g0-gp0.5-force1-h1.25	F	3	true	true	0	0	0	0	0	0	0.5	1.25	-
fzero-zs0-zr0-g0-gp0.5-force1-h2	F	3	true	true	0	0	0	0	0	0	0.5	2	-
fzero-zs0-zr0-g0.5-gp0.5-force0-h0	F	3	true	false	0	0	0	0	0	0.5	0.5	0	-
fzero-zs0-zr0-g0.5-gp0.5-force0-h1	F	3	true	false	0	0	0	0	0	0.5	0.5	1	-
fzero-zs0-zr0-g0.5-gp0.5-force0-h1.25	F	3	true	false	0	0	0	0	0	0.5	0.5	1.25	-
fzero-zs0-zr0-g0.5-gp0.5-force0-h2	F	3	true	false	0	0	0	0	0	0.5	0.5	2	-
fzero-zs0-zr0-g0.5-gp0.5-force1-h0	F	3	true	true	0	0	0	0	0	0.5	0.5	0	-
fzero-zs0-zr0-g0.5-gp0.5-force1-h1	F	3	true	true	0	0	0	0	0	0.5	0.5	1	-
fzero-zs0-zr0-g0.5-gp0.5-force1-h1.25	F	3	true	true	0	0	0	0	0	0.5	0.5	1.25	-
fzero-zs0-zr0-g0.5-gp0.5-force1-h2	F	3	true	true	0	0	0	0	0	0.5	0.5	2	-
fzero-zs0-zr0-g1-gp0.5-force0-h0	F	3	true	false	0	0	0	0	0	1	0.5	0	-
fzero-zs0-zr0-g1-gp0.5-force0-h1	F	3	true	false	0	0	0	0	0	1	0.5	1	-
fzero-zs0-zr0-g1-gp0.5-force0-h1.25	F	3	true	false	0	0	0	0	0	1	0.5	1.25	-
fzero-zs0-zr0-g1-gp0.5-force0-h2	F	3	true	false	0	0	0	0	0	1	0.5	2	-
fzero-zs0-zr0-g1-gp0.5-force1-h0	F	3	true	true	0	0	0	0	0	1	0.5	0	-
fzero-zs0-zr0-g1-gp0.5-force1-h1	F	3	true	true	0	0	0	0	0	1	0.5	1	-
fzero-zs0-zr0-g1-gp0.5-force1-h1.25	F	3	true	true	0	0	0	0	0	1	0.5	1.25	-
fzero-zs0-zr0-g1-gp0.5-force1-h2	F	3	true	true	0	0	0	0	0	1	0.5	2	-
fzero-zs0-zr0-g0-gp1-force0-h0	F	3	true	false	0	0	0	0	0	0	1	0	-
fzero-zs0-zr0-g0-gp1-force0-h1	F	3	true	false	0	0	0	0	0	0	1	1	-
fzero-zs0-zr0-g0-gp1-force0-h1.25	F	3	true	false	0	0	0	0	0	0	1	1.25	-
fzero-zs0-zr0-g0-gp1-force0-h2	F	3	true	false	0	0	0	0	0	0	1	2	-
fzero-zs0-zr0-g0-gp1-force1-h0	F	3	true	true	0	0	0	0	0	0	1	0	-
fzero-zs0-zr0-g0-gp1-force1-h1	F	3	true	true	0	0	0	0	0	0	1	1	-
fzero-zs0-zr0-g0-gp1-force1-h1.25	F	3	true	true	0	0	0	0	0	0	1	1.25	-
fzero-zs0-zr0-g0-gp1-force1-h2	F	3	true	true	0	0	0	0	0	0	1	2	-
fzero-zs0-zr0-g0.5-gp1-force0-h0	F	3	true	false	0	0	0	0	0	0.5	1	0	-
fzero-zs0-zr0-g0.5-gp1-force0-h1	F	3	true	false	0	0	0	0	0	0.5	1	1	-
fzero-zs0-zr0-g0.5-gp1-force0-h1.25	F	3	true	false	0	0	0	0	0	0.5	1	1.25	-
fzero-zs0-zr0-g0.5-gp1-force0-h2	F	3	true	false	0	0	0	0	0	0.5	1	2	-
fzero-zs0-zr0-g0.5-gp1-force1-h0	F	3	true	true	0	0	0	0	0	0.5	1	0	-
fzero-zs0-zr0-g0.5-gp1-force1-h1	F	3	true	true	0	0	0	0	0	0.5	1	1	-
fzero-zs0-zr0-g0.5-gp1-force1-h1.25	F	3	true	true	0	0	0	0	0	0.5	1	1.25	-
fzero-zs0-zr0-g0.5-gp1-force1-h2	F	3	true	true	0	0	0	0	0	0.5	1	2	-
fzero-zs0-zr0-g1-gp1-force0-h0	F	3	true	false	0	0	0	0	0	1	1	0	-
fzero-zs0-zr0-g1-gp1-force0-h1	F	3	true	false	0	0	0	0	0	1	1	1	-
fzero-zs0-zr0-g1-gp1-force0-h1.25	F	3	true	false	0	0	0	0	0	1	1	1.25	-
fzero-zs0-zr0-g1-gp1-force0-h2	F	3	true	false	0	0	0	0	0	1	1	2	-
fzero-zs0-zr0-g1-gp1-force1-h0	F	3	true	true	0	0	0	0	0	1	1	0	-
fzero-zs0-zr0-g1-gp1-force1-h1	F	3	true	true	0	0	0	0	0	1	1	1	-
fzero-zs0-zr0-g1-gp1-force1-h1.25	F	3	true	true	0	0	0	0	0	1	1	1.25	-
fzero-zs0-zr0-g1-gp1-force1-h2	F	3	true	true	0	0	0	0	0	1	1	2	-
positive-1e-09-0-0-0-0.05-0	F	0	false	false	1e-09	0	0	0.05	0	0.5	0.5	1	-
positive-1e-09-0-0-0-0-0.05	F	0	false	false	1e-09	0	0	0	0.05	0.5	0.5	1	-
positive-1e-09-0-0-0-0.05-0.02	F	0	false	false	1e-09	0	0	0.05	0.02	0.5	0.5	1	-
positive-1e-09-0-0-0-0-0	F	0	false	false	1e-09	0	0	0	0	0.5	0.5	1	-
positive-1e-09-0-0-1-0.05-0	F	0	false	true	1e-09	0	0	0.05	0	0.5	0.5	1	-
positive-1e-09-0-0-1-0-0.05	F	0	false	true	1e-09	0	0	0	0.05	0.5	0.5	1	-
positive-1e-09-0-0-1-0.05-0.02	F	0	false	true	1e-09	0	0	0.05	0.02	0.5	0.5	1	-
positive-1e-09-0-0-1-0-0	F	0	false	true	1e-09	0	0	0	0	0.5	0.5	1	-
positive-1e-09-0-1-0-0.05-0	F	0	true	false	1e-09	0	0	0.05	0	0.5	0.5	1	-
positive-1e-09-0-1-0-0-0.05	F	0	true	false	1e-09	0	0	0	0.05	0.5	0.5	1	-
positive-1e-09-0-1-0-0.05-0.02	F	0	true	false	1e-09	0	0	0.05	0.02	0.5	0.5	1	-
positive-1e-09-0-1-0-0-0	F	0	true	false	1e-09	0	0	0	0	0.5	0.5	1	-
positive-1e-09-0-1-1-0.05-0	F	0	true	true	1e-09	0	0	0.05	0	0.5	0.5	1	-
positive-1e-09-0-1-1-0-0.05	F	0	true	true	1e-09	0	0	0	0.05	0.5	0.5	1	-
positive-1e-09-0-1-1-0.05-0.02	F	0	true	true	1e-09	0	0	0.05	0.02	0.5	0.5	1	-
positive-1e-09-0-1-1-0-0	F	0	true	true	1e-09	0	0	0	0	0.5	0.5	1	-
positive-1e-09-1-0-0-0.05-0	F	1	false	false	1e-09	0	0	0.05	0	0.5	0.5	1	-
positive-1e-09-1-0-0-0-0.05	F	1	false	false	1e-09	0	0	0	0.05	0.5	0.5	1	-
positive-1e-09-1-0-0-0.05-0.02	F	1	false	false	1e-09	0	0	0.05	0.02	0.5	0.5	1	-
positive-1e-09-1-0-0-0-0	F	1	false	false	1e-09	0	0	0	0	0.5	0.5	1	-
positive-1e-09-1-0-1-0.05-0	F	1	false	true	1e-09	0	0	0.05	0	0.5	0.5	1	-
positive-1e-09-1-0-1-0-0.05	F	1	false	true	1e-09	0	0	0	0.05	0.5	0.5	1	-
positive-1e-09-1-0-1-0.05-0.02	F	1	false	true	1e-09	0	0	0.05	0.02	0.5	0.5	1	-
positive-1e-09-1-0-1-0-0	F	1	false	true	1e-09	0	0	0	0	0.5	0.5	1	-
positive-1e-09-1-1-0-0.05-0	F	1	true	false	1e-09	0	0	0.05	0	0.5	0.5	1	-
positive-1e-09-1-1-0-0-0.05	F	1	true	false	1e-09	0	0	0	0.05	0.5	0.5	1	-
positive-1e-09-1-1-0-0.05-0.02	F	1	true	false	1e-09	0	0	0.05	0.02	0.5	0.5	1	-
positive-1e-09-1-1-0-0-0	F	1	true	false	1e-09	0	0	0	0	0.5	0.5	1	-
positive-1e-09-1-1-1-0.05-0	F	1	true	true	1e-09	0	0	0.05	0	0.5	0.5	1	-
positive-1e-09-1-1-1-0-0.05	F	1	true	true	1e-09	0	0	0	0.05	0.5	0.5	1	-
positive-1e-09-1-1-1-0.05-0.02	F	1	true	true	1e-09	0	0	0.05	0.02	0.5	0.5	1	-
positive-1e-09-1-1-1-0-0	F	1	true	true	1e-09	0	0	0	0	0.5	0.5	1	-
positive-1e-09-2-0-0-0.05-0	F	2	false	false	1e-09	0	0	0.05	0	0.5	0.5	1	-
positive-1e-09-2-0-0-0-0.05	F	2	false	false	1e-09	0	0	0	0.05	0.5	0.5	1	-
positive-1e-09-2-0-0-0.05-0.02	F	2	false	false	1e-09	0	0	0.05	0.02	0.5	0.5	1	-
positive-1e-09-2-0-0-0-0	F	2	false	false	1e-09	0	0	0	0	0.5	0.5	1	-
positive-1e-09-2-0-1-0.05-0	F	2	false	true	1e-09	0	0	0.05	0	0.5	0.5	1	-
positive-1e-09-2-0-1-0-0.05	F	2	false	true	1e-09	0	0	0	0.05	0.5	0.5	1	-
positive-1e-09-2-0-1-0.05-0.02	F	2	false	true	1e-09	0	0	0.05	0.02	0.5	0.5	1	-
positive-1e-09-2-0-1-0-0	F	2	false	true	1e-09	0	0	0	0	0.5	0.5	1	-
positive-1e-09-2-1-0-0.05-0	F	2	true	false	1e-09	0	0	0.05	0	0.5	0.5	1	-
positive-1e-09-2-1-0-0-0.05	F	2	true	false	1e-09	0	0	0	0.05	0.5	0.5	1	-
positive-1e-09-2-1-0-0.05-0.02	F	2	true	false	1e-09	0	0	0.05	0.02	0.5	0.5	1	-
positive-1e-09-2-1-0-0-0	F	2	true	false	1e-09	0	0	0	0	0.5	0.5	1	-
positive-1e-09-2-1-1-0.05-0	F	2	true	true	1e-09	0	0	0.05	0	0.5	0.5	1	-
positive-1e-09-2-1-1-0-0.05	F	2	true	true	1e-09	0	0	0	0.05	0.5	0.5	1	-
positive-1e-09-2-1-1-0.05-0.02	F	2	true	true	1e-09	0	0	0.05	0.02	0.5	0.5	1	-
positive-1e-09-2-1-1-0-0	F	2	true	true	1e-09	0	0	0	0	0.5	0.5	1	-
positive-1e-09-3-0-0-0.05-0	F	3	false	false	1e-09	0	0	0.05	0	0.5	0.5	1	-
positive-1e-09-3-0-0-0-0.05	F	3	false	false	1e-09	0	0	0	0.05	0.5	0.5	1	-
positive-1e-09-3-0-0-0.05-0.02	F	3	false	false	1e-09	0	0	0.05	0.02	0.5	0.5	1	-
positive-1e-09-3-0-0-0-0	F	3	false	false	1e-09	0	0	0	0	0.5	0.5	1	-
positive-1e-09-3-0-1-0.05-0	F	3	false	true	1e-09	0	0	0.05	0	0.5	0.5	1	-
positive-1e-09-3-0-1-0-0.05	F	3	false	true	1e-09	0	0	0	0.05	0.5	0.5	1	-
positive-1e-09-3-0-1-0.05-0.02	F	3	false	true	1e-09	0	0	0.05	0.02	0.5	0.5	1	-
positive-1e-09-3-0-1-0-0	F	3	false	true	1e-09	0	0	0	0	0.5	0.5	1	-
positive-1e-09-3-1-0-0.05-0	F	3	true	false	1e-09	0	0	0.05	0	0.5	0.5	1	-
positive-1e-09-3-1-0-0-0.05	F	3	true	false	1e-09	0	0	0	0.05	0.5	0.5	1	-
positive-1e-09-3-1-0-0.05-0.02	F	3	true	false	1e-09	0	0	0.05	0.02	0.5	0.5	1	-
positive-1e-09-3-1-0-0-0	F	3	true	false	1e-09	0	0	0	0	0.5	0.5	1	-
positive-1e-09-3-1-1-0.05-0	F	3	true	true	1e-09	0	0	0.05	0	0.5	0.5	1	-
positive-1e-09-3-1-1-0-0.05	F	3	true	true	1e-09	0	0	0	0.05	0.5	0.5	1	-
positive-1e-09-3-1-1-0.05-0.02	F	3	true	true	1e-09	0	0	0.05	0.02	0.5	0.5	1	-
positive-1e-09-3-1-1-0-0	F	3	true	true	1e-09	0	0	0	0	0.5	0.5	1	-
positive-1e-09-4-0-0-0.05-0	F	4	false	false	1e-09	0	0	0.05	0	0.5	0.5	1	-
positive-1e-09-4-0-0-0-0.05	F	4	false	false	1e-09	0	0	0	0.05	0.5	0.5	1	-
positive-1e-09-4-0-0-0.05-0.02	F	4	false	false	1e-09	0	0	0.05	0.02	0.5	0.5	1	-
positive-1e-09-4-0-0-0-0	F	4	false	false	1e-09	0	0	0	0	0.5	0.5	1	-
positive-1e-09-4-0-1-0.05-0	F	4	false	true	1e-09	0	0	0.05	0	0.5	0.5	1	-
positive-1e-09-4-0-1-0-0.05	F	4	false	true	1e-09	0	0	0	0.05	0.5	0.5	1	-
positive-1e-09-4-0-1-0.05-0.02	F	4	false	true	1e-09	0	0	0.05	0.02	0.5	0.5	1	-
positive-1e-09-4-0-1-0-0	F	4	false	true	1e-09	0	0	0	0	0.5	0.5	1	-
positive-1e-09-4-1-0-0.05-0	F	4	true	false	1e-09	0	0	0.05	0	0.5	0.5	1	-
positive-1e-09-4-1-0-0-0.05	F	4	true	false	1e-09	0	0	0	0.05	0.5	0.5	1	-
positive-1e-09-4-1-0-0.05-0.02	F	4	true	false	1e-09	0	0	0.05	0.02	0.5	0.5	1	-
positive-1e-09-4-1-0-0-0	F	4	true	false	1e-09	0	0	0	0	0.5	0.5	1	-
positive-1e-09-4-1-1-0.05-0	F	4	true	true	1e-09	0	0	0.05	0	0.5	0.5	1	-
positive-1e-09-4-1-1-0-0.05	F	4	true	true	1e-09	0	0	0	0.05	0.5	0.5	1	-
positive-1e-09-4-1-1-0.05-0.02	F	4	true	true	1e-09	0	0	0.05	0.02	0.5	0.5	1	-
positive-1e-09-4-1-1-0-0	F	4	true	true	1e-09	0	0	0	0	0.5	0.5	1	-
positive-1e-09-5-0-0-0.05-0	F	5	false	false	1e-09	0	0	0.05	0	0.5	0.5	1	-
positive-1e-09-5-0-0-0-0.05	F	5	false	false	1e-09	0	0	0	0.05	0.5	0.5	1	-
positive-1e-09-5-0-0-0.05-0.02	F	5	false	false	1e-09	0	0	0.05	0.02	0.5	0.5	1	-
positive-1e-09-5-0-0-0-0	F	5	false	false	1e-09	0	0	0	0	0.5	0.5	1	-
positive-1e-09-5-0-1-0.05-0	F	5	false	true	1e-09	0	0	0.05	0	0.5	0.5	1	-
positive-1e-09-5-0-1-0-0.05	F	5	false	true	1e-09	0	0	0	0.05	0.5	0.5	1	-
positive-1e-09-5-0-1-0.05-0.02	F	5	false	true	1e-09	0	0	0.05	0.02	0.5	0.5	1	-
positive-1e-09-5-0-1-0-0	F	5	false	true	1e-09	0	0	0	0	0.5	0.5	1	-
positive-1e-09-5-1-0-0.05-0	F	5	true	false	1e-09	0	0	0.05	0	0.5	0.5	1	-
positive-1e-09-5-1-0-0-0.05	F	5	true	false	1e-09	0	0	0	0.05	0.5	0.5	1	-
positive-1e-09-5-1-0-0.05-0.02	F	5	true	false	1e-09	0	0	0.05	0.02	0.5	0.5	1	-
positive-1e-09-5-1-0-0-0	F	5	true	false	1e-09	0	0	0	0	0.5	0.5	1	-
positive-1e-09-5-1-1-0.05-0	F	5	true	true	1e-09	0	0	0.05	0	0.5	0.5	1	-
positive-1e-09-5-1-1-0-0.05	F	5	true	true	1e-09	0	0	0	0.05	0.5	0.5	1	-
positive-1e-09-5-1-1-0.05-0.02	F	5	true	true	1e-09	0	0	0.05	0.02	0.5	0.5	1	-
positive-1e-09-5-1-1-0-0	F	5	true	true	1e-09	0	0	0	0	0.5	0.5	1	-
positive-1e-09-6-0-0-0.05-0	F	6	false	false	1e-09	0	0	0.05	0	0.5	0.5	1	-
positive-1e-09-6-0-0-0-0.05	F	6	false	false	1e-09	0	0	0	0.05	0.5	0.5	1	-
positive-1e-09-6-0-0-0.05-0.02	F	6	false	false	1e-09	0	0	0.05	0.02	0.5	0.5	1	-
positive-1e-09-6-0-0-0-0	F	6	false	false	1e-09	0	0	0	0	0.5	0.5	1	-
positive-1e-09-6-0-1-0.05-0	F	6	false	true	1e-09	0	0	0.05	0	0.5	0.5	1	-
positive-1e-09-6-0-1-0-0.05	F	6	false	true	1e-09	0	0	0	0.05	0.5	0.5	1	-
positive-1e-09-6-0-1-0.05-0.02	F	6	false	true	1e-09	0	0	0.05	0.02	0.5	0.5	1	-
positive-1e-09-6-0-1-0-0	F	6	false	true	1e-09	0	0	0	0	0.5	0.5	1	-
positive-1e-09-6-1-0-0.05-0	F	6	true	false	1e-09	0	0	0.05	0	0.5	0.5	1	-
positive-1e-09-6-1-0-0-0.05	F	6	true	false	1e-09	0	0	0	0.05	0.5	0.5	1	-
positive-1e-09-6-1-0-0.05-0.02	F	6	true	false	1e-09	0	0	0.05	0.02	0.5	0.5	1	-
positive-1e-09-6-1-0-0-0	F	6	true	false	1e-09	0	0	0	0	0.5	0.5	1	-
positive-1e-09-6-1-1-0.05-0	F	6	true	true	1e-09	0	0	0.05	0	0.5	0.5	1	-
positive-1e-09-6-1-1-0-0.05	F	6	true	true	1e-09	0	0	0	0.05	0.5	0.5	1	-
positive-1e-09-6-1-1-0.05-0.02	F	6	true	true	1e-09	0	0	0.05	0.02	0.5	0.5	1	-
positive-1e-09-6-1-1-0-0	F	6	true	true	1e-09	0	0	0	0	0.5	0.5	1	-
positive-1e-09-7-0-0-0.05-0	F	7	false	false	1e-09	0	0	0.05	0	0.5	0.5	1	-
positive-1e-09-7-0-0-0-0.05	F	7	false	false	1e-09	0	0	0	0.05	0.5	0.5	1	-
positive-1e-09-7-0-0-0.05-0.02	F	7	false	false	1e-09	0	0	0.05	0.02	0.5	0.5	1	-
positive-1e-09-7-0-0-0-0	F	7	false	false	1e-09	0	0	0	0	0.5	0.5	1	-
positive-1e-09-7-0-1-0.05-0	F	7	false	true	1e-09	0	0	0.05	0	0.5	0.5	1	-
positive-1e-09-7-0-1-0-0.05	F	7	false	true	1e-09	0	0	0	0.05	0.5	0.5	1	-
positive-1e-09-7-0-1-0.05-0.02	F	7	false	true	1e-09	0	0	0.05	0.02	0.5	0.5	1	-
positive-1e-09-7-0-1-0-0	F	7	false	true	1e-09	0	0	0	0	0.5	0.5	1	-
positive-1e-09-7-1-0-0.05-0	F	7	true	false	1e-09	0	0	0.05	0	0.5	0.5	1	-
positive-1e-09-7-1-0-0-0.05	F	7	true	false	1e-09	0	0	0	0.05	0.5	0.5	1	-
positive-1e-09-7-1-0-0.05-0.02	F	7	true	false	1e-09	0	0	0.05	0.02	0.5	0.5	1	-
positive-1e-09-7-1-0-0-0	F	7	true	false	1e-09	0	0	0	0	0.5	0.5	1	-
positive-1e-09-7-1-1-0.05-0	F	7	true	true	1e-09	0	0	0.05	0	0.5	0.5	1	-
positive-1e-09-7-1-1-0-0.05	F	7	true	true	1e-09	0	0	0	0.05	0.5	0.5	1	-
positive-1e-09-7-1-1-0.05-0.02	F	7	true	true	1e-09	0	0	0.05	0.02	0.5	0.5	1	-
positive-1e-09-7-1-1-0-0	F	7	true	true	1e-09	0	0	0	0	0.5	0.5	1	-
positive-1e-06-0-0-0-0.05-0	F	0	false	false	1e-06	0	0	0.05	0	0.5	0.5	1	-
positive-1e-06-0-0-0-0-0.05	F	0	false	false	1e-06	0	0	0	0.05	0.5	0.5	1	-
positive-1e-06-0-0-0-0.05-0.02	F	0	false	false	1e-06	0	0	0.05	0.02	0.5	0.5	1	-
positive-1e-06-0-0-0-0-0	F	0	false	false	1e-06	0	0	0	0	0.5	0.5	1	-
positive-1e-06-0-0-1-0.05-0	F	0	false	true	1e-06	0	0	0.05	0	0.5	0.5	1	-
positive-1e-06-0-0-1-0-0.05	F	0	false	true	1e-06	0	0	0	0.05	0.5	0.5	1	-
positive-1e-06-0-0-1-0.05-0.02	F	0	false	true	1e-06	0	0	0.05	0.02	0.5	0.5	1	-
positive-1e-06-0-0-1-0-0	F	0	false	true	1e-06	0	0	0	0	0.5	0.5	1	-
positive-1e-06-0-1-0-0.05-0	F	0	true	false	1e-06	0	0	0.05	0	0.5	0.5	1	-
positive-1e-06-0-1-0-0-0.05	F	0	true	false	1e-06	0	0	0	0.05	0.5	0.5	1	-
positive-1e-06-0-1-0-0.05-0.02	F	0	true	false	1e-06	0	0	0.05	0.02	0.5	0.5	1	-
positive-1e-06-0-1-0-0-0	F	0	true	false	1e-06	0	0	0	0	0.5	0.5	1	-
positive-1e-06-0-1-1-0.05-0	F	0	true	true	1e-06	0	0	0.05	0	0.5	0.5	1	-
positive-1e-06-0-1-1-0-0.05	F	0	true	true	1e-06	0	0	0	0.05	0.5	0.5	1	-
positive-1e-06-0-1-1-0.05-0.02	F	0	true	true	1e-06	0	0	0.05	0.02	0.5	0.5	1	-
positive-1e-06-0-1-1-0-0	F	0	true	true	1e-06	0	0	0	0	0.5	0.5	1	-
positive-1e-06-1-0-0-0.05-0	F	1	false	false	1e-06	0	0	0.05	0	0.5	0.5	1	-
positive-1e-06-1-0-0-0-0.05	F	1	false	false	1e-06	0	0	0	0.05	0.5	0.5	1	-
positive-1e-06-1-0-0-0.05-0.02	F	1	false	false	1e-06	0	0	0.05	0.02	0.5	0.5	1	-
positive-1e-06-1-0-0-0-0	F	1	false	false	1e-06	0	0	0	0	0.5	0.5	1	-
positive-1e-06-1-0-1-0.05-0	F	1	false	true	1e-06	0	0	0.05	0	0.5	0.5	1	-
positive-1e-06-1-0-1-0-0.05	F	1	false	true	1e-06	0	0	0	0.05	0.5	0.5	1	-
positive-1e-06-1-0-1-0.05-0.02	F	1	false	true	1e-06	0	0	0.05	0.02	0.5	0.5	1	-
positive-1e-06-1-0-1-0-0	F	1	false	true	1e-06	0	0	0	0	0.5	0.5	1	-
positive-1e-06-1-1-0-0.05-0	F	1	true	false	1e-06	0	0	0.05	0	0.5	0.5	1	-
positive-1e-06-1-1-0-0-0.05	F	1	true	false	1e-06	0	0	0	0.05	0.5	0.5	1	-
positive-1e-06-1-1-0-0.05-0.02	F	1	true	false	1e-06	0	0	0.05	0.02	0.5	0.5	1	-
positive-1e-06-1-1-0-0-0	F	1	true	false	1e-06	0	0	0	0	0.5	0.5	1	-
positive-1e-06-1-1-1-0.05-0	F	1	true	true	1e-06	0	0	0.05	0	0.5	0.5	1	-
positive-1e-06-1-1-1-0-0.05	F	1	true	true	1e-06	0	0	0	0.05	0.5	0.5	1	-
positive-1e-06-1-1-1-0.05-0.02	F	1	true	true	1e-06	0	0	0.05	0.02	0.5	0.5	1	-
positive-1e-06-1-1-1-0-0	F	1	true	true	1e-06	0	0	0	0	0.5	0.5	1	-
positive-1e-06-2-0-0-0.05-0	F	2	false	false	1e-06	0	0	0.05	0	0.5	0.5	1	-
positive-1e-06-2-0-0-0-0.05	F	2	false	false	1e-06	0	0	0	0.05	0.5	0.5	1	-
positive-1e-06-2-0-0-0.05-0.02	F	2	false	false	1e-06	0	0	0.05	0.02	0.5	0.5	1	-
positive-1e-06-2-0-0-0-0	F	2	false	false	1e-06	0	0	0	0	0.5	0.5	1	-
positive-1e-06-2-0-1-0.05-0	F	2	false	true	1e-06	0	0	0.05	0	0.5	0.5	1	-
positive-1e-06-2-0-1-0-0.05	F	2	false	true	1e-06	0	0	0	0.05	0.5	0.5	1	-
positive-1e-06-2-0-1-0.05-0.02	F	2	false	true	1e-06	0	0	0.05	0.02	0.5	0.5	1	-
positive-1e-06-2-0-1-0-0	F	2	false	true	1e-06	0	0	0	0	0.5	0.5	1	-
positive-1e-06-2-1-0-0.05-0	F	2	true	false	1e-06	0	0	0.05	0	0.5	0.5	1	-
positive-1e-06-2-1-0-0-0.05	F	2	true	false	1e-06	0	0	0	0.05	0.5	0.5	1	-
positive-1e-06-2-1-0-0.05-0.02	F	2	true	false	1e-06	0	0	0.05	0.02	0.5	0.5	1	-
positive-1e-06-2-1-0-0-0	F	2	true	false	1e-06	0	0	0	0	0.5	0.5	1	-
positive-1e-06-2-1-1-0.05-0	F	2	true	true	1e-06	0	0	0.05	0	0.5	0.5	1	-
positive-1e-06-2-1-1-0-0.05	F	2	true	true	1e-06	0	0	0	0.05	0.5	0.5	1	-
positive-1e-06-2-1-1-0.05-0.02	F	2	true	true	1e-06	0	0	0.05	0.02	0.5	0.5	1	-
positive-1e-06-2-1-1-0-0	F	2	true	true	1e-06	0	0	0	0	0.5	0.5	1	-
positive-1e-06-3-0-0-0.05-0	F	3	false	false	1e-06	0	0	0.05	0	0.5	0.5	1	-
positive-1e-06-3-0-0-0-0.05	F	3	false	false	1e-06	0	0	0	0.05	0.5	0.5	1	-
positive-1e-06-3-0-0-0.05-0.02	F	3	false	false	1e-06	0	0	0.05	0.02	0.5	0.5	1	-
positive-1e-06-3-0-0-0-0	F	3	false	false	1e-06	0	0	0	0	0.5	0.5	1	-
positive-1e-06-3-0-1-0.05-0	F	3	false	true	1e-06	0	0	0.05	0	0.5	0.5	1	-
positive-1e-06-3-0-1-0-0.05	F	3	false	true	1e-06	0	0	0	0.05	0.5	0.5	1	-
positive-1e-06-3-0-1-0.05-0.02	F	3	false	true	1e-06	0	0	0.05	0.02	0.5	0.5	1	-
positive-1e-06-3-0-1-0-0	F	3	false	true	1e-06	0	0	0	0	0.5	0.5	1	-
positive-1e-06-3-1-0-0.05-0	F	3	true	false	1e-06	0	0	0.05	0	0.5	0.5	1	-
positive-1e-06-3-1-0-0-0.05	F	3	true	false	1e-06	0	0	0	0.05	0.5	0.5	1	-
positive-1e-06-3-1-0-0.05-0.02	F	3	true	false	1e-06	0	0	0.05	0.02	0.5	0.5	1	-
positive-1e-06-3-1-0-0-0	F	3	true	false	1e-06	0	0	0	0	0.5	0.5	1	-
positive-1e-06-3-1-1-0.05-0	F	3	true	true	1e-06	0	0	0.05	0	0.5	0.5	1	-
positive-1e-06-3-1-1-0-0.05	F	3	true	true	1e-06	0	0	0	0.05	0.5	0.5	1	-
positive-1e-06-3-1-1-0.05-0.02	F	3	true	true	1e-06	0	0	0.05	0.02	0.5	0.5	1	-
positive-1e-06-3-1-1-0-0	F	3	true	true	1e-06	0	0	0	0	0.5	0.5	1	-
positive-1e-06-4-0-0-0.05-0	F	4	false	false	1e-06	0	0	0.05	0	0.5	0.5	1	-
positive-1e-06-4-0-0-0-0.05	F	4	false	false	1e-06	0	0	0	0.05	0.5	0.5	1	-
positive-1e-06-4-0-0-0.05-0.02	F	4	false	false	1e-06	0	0	0.05	0.02	0.5	0.5	1	-
positive-1e-06-4-0-0-0-0	F	4	false	false	1e-06	0	0	0	0	0.5	0.5	1	-
positive-1e-06-4-0-1-0.05-0	F	4	false	true	1e-06	0	0	0.05	0	0.5	0.5	1	-
positive-1e-06-4-0-1-0-0.05	F	4	false	true	1e-06	0	0	0	0.05	0.5	0.5	1	-
positive-1e-06-4-0-1-0.05-0.02	F	4	false	true	1e-06	0	0	0.05	0.02	0.5	0.5	1	-
positive-1e-06-4-0-1-0-0	F	4	false	true	1e-06	0	0	0	0	0.5	0.5	1	-
positive-1e-06-4-1-0-0.05-0	F	4	true	false	1e-06	0	0	0.05	0	0.5	0.5	1	-
positive-1e-06-4-1-0-0-0.05	F	4	true	false	1e-06	0	0	0	0.05	0.5	0.5	1	-
positive-1e-06-4-1-0-0.05-0.02	F	4	true	false	1e-06	0	0	0.05	0.02	0.5	0.5	1	-
positive-1e-06-4-1-0-0-0	F	4	true	false	1e-06	0	0	0	0	0.5	0.5	1	-
positive-1e-06-4-1-1-0.05-0	F	4	true	true	1e-06	0	0	0.05	0	0.5	0.5	1	-
positive-1e-06-4-1-1-0-0.05	F	4	true	true	1e-06	0	0	0	0.05	0.5	0.5	1	-
positive-1e-06-4-1-1-0.05-0.02	F	4	true	true	1e-06	0	0	0.05	0.02	0.5	0.5	1	-
positive-1e-06-4-1-1-0-0	F	4	true	true	1e-06	0	0	0	0	0.5	0.5	1	-
positive-1e-06-5-0-0-0.05-0	F	5	false	false	1e-06	0	0	0.05	0	0.5	0.5	1	-
positive-1e-06-5-0-0-0-0.05	F	5	false	false	1e-06	0	0	0	0.05	0.5	0.5	1	-
positive-1e-06-5-0-0-0.05-0.02	F	5	false	false	1e-06	0	0	0.05	0.02	0.5	0.5	1	-
positive-1e-06-5-0-0-0-0	F	5	false	false	1e-06	0	0	0	0	0.5	0.5	1	-
positive-1e-06-5-0-1-0.05-0	F	5	false	true	1e-06	0	0	0.05	0	0.5	0.5	1	-
positive-1e-06-5-0-1-0-0.05	F	5	false	true	1e-06	0	0	0	0.05	0.5	0.5	1	-
positive-1e-06-5-0-1-0.05-0.02	F	5	false	true	1e-06	0	0	0.05	0.02	0.5	0.5	1	-
positive-1e-06-5-0-1-0-0	F	5	false	true	1e-06	0	0	0	0	0.5	0.5	1	-
positive-1e-06-5-1-0-0.05-0	F	5	true	false	1e-06	0	0	0.05	0	0.5	0.5	1	-
positive-1e-06-5-1-0-0-0.05	F	5	true	false	1e-06	0	0	0	0.05	0.5	0.5	1	-
positive-1e-06-5-1-0-0.05-0.02	F	5	true	false	1e-06	0	0	0.05	0.02	0.5	0.5	1	-
positive-1e-06-5-1-0-0-0	F	5	true	false	1e-06	0	0	0	0	0.5	0.5	1	-
positive-1e-06-5-1-1-0.05-0	F	5	true	true	1e-06	0	0	0.05	0	0.5	0.5	1	-
positive-1e-06-5-1-1-0-0.05	F	5	true	true	1e-06	0	0	0	0.05	0.5	0.5	1	-
positive-1e-06-5-1-1-0.05-0.02	F	5	true	true	1e-06	0	0	0.05	0.02	0.5	0.5	1	-
positive-1e-06-5-1-1-0-0	F	5	true	true	1e-06	0	0	0	0	0.5	0.5	1	-
positive-1e-06-6-0-0-0.05-0	F	6	false	false	1e-06	0	0	0.05	0	0.5	0.5	1	-
positive-1e-06-6-0-0-0-0.05	F	6	false	false	1e-06	0	0	0	0.05	0.5	0.5	1	-
positive-1e-06-6-0-0-0.05-0.02	F	6	false	false	1e-06	0	0	0.05	0.02	0.5	0.5	1	-
positive-1e-06-6-0-0-0-0	F	6	false	false	1e-06	0	0	0	0	0.5	0.5	1	-
positive-1e-06-6-0-1-0.05-0	F	6	false	true	1e-06	0	0	0.05	0	0.5	0.5	1	-
positive-1e-06-6-0-1-0-0.05	F	6	false	true	1e-06	0	0	0	0.05	0.5	0.5	1	-
positive-1e-06-6-0-1-0.05-0.02	F	6	false	true	1e-06	0	0	0.05	0.02	0.5	0.5	1	-
positive-1e-06-6-0-1-0-0	F	6	false	true	1e-06	0	0	0	0	0.5	0.5	1	-
positive-1e-06-6-1-0-0.05-0	F	6	true	false	1e-06	0	0	0.05	0	0.5	0.5	1	-
positive-1e-06-6-1-0-0-0.05	F	6	true	false	1e-06	0	0	0	0.05	0.5	0.5	1	-
positive-1e-06-6-1-0-0.05-0.02	F	6	true	false	1e-06	0	0	0.05	0.02	0.5	0.5	1	-
positive-1e-06-6-1-0-0-0	F	6	true	false	1e-06	0	0	0	0	0.5	0.5	1	-
positive-1e-06-6-1-1-0.05-0	F	6	true	true	1e-06	0	0	0.05	0	0.5	0.5	1	-
positive-1e-06-6-1-1-0-0.05	F	6	true	true	1e-06	0	0	0	0.05	0.5	0.5	1	-
positive-1e-06-6-1-1-0.05-0.02	F	6	true	true	1e-06	0	0	0.05	0.02	0.5	0.5	1	-
positive-1e-06-6-1-1-0-0	F	6	true	true	1e-06	0	0	0	0	0.5	0.5	1	-
positive-1e-06-7-0-0-0.05-0	F	7	false	false	1e-06	0	0	0.05	0	0.5	0.5	1	-
positive-1e-06-7-0-0-0-0.05	F	7	false	false	1e-06	0	0	0	0.05	0.5	0.5	1	-
positive-1e-06-7-0-0-0.05-0.02	F	7	false	false	1e-06	0	0	0.05	0.02	0.5	0.5	1	-
positive-1e-06-7-0-0-0-0	F	7	false	false	1e-06	0	0	0	0	0.5	0.5	1	-
positive-1e-06-7-0-1-0.05-0	F	7	false	true	1e-06	0	0	0.05	0	0.5	0.5	1	-
positive-1e-06-7-0-1-0-0.05	F	7	false	true	1e-06	0	0	0	0.05	0.5	0.5	1	-
positive-1e-06-7-0-1-0.05-0.02	F	7	false	true	1e-06	0	0	0.05	0.02	0.5	0.5	1	-
positive-1e-06-7-0-1-0-0	F	7	false	true	1e-06	0	0	0	0	0.5	0.5	1	-
positive-1e-06-7-1-0-0.05-0	F	7	true	false	1e-06	0	0	0.05	0	0.5	0.5	1	-
positive-1e-06-7-1-0-0-0.05	F	7	true	false	1e-06	0	0	0	0.05	0.5	0.5	1	-
positive-1e-06-7-1-0-0.05-0.02	F	7	true	false	1e-06	0	0	0.05	0.02	0.5	0.5	1	-
positive-1e-06-7-1-0-0-0	F	7	true	false	1e-06	0	0	0	0	0.5	0.5	1	-
positive-1e-06-7-1-1-0.05-0	F	7	true	true	1e-06	0	0	0.05	0	0.5	0.5	1	-
positive-1e-06-7-1-1-0-0.05	F	7	true	true	1e-06	0	0	0	0.05	0.5	0.5	1	-
positive-1e-06-7-1-1-0.05-0.02	F	7	true	true	1e-06	0	0	0.05	0.02	0.5	0.5	1	-
positive-1e-06-7-1-1-0-0	F	7	true	true	1e-06	0	0	0	0	0.5	0.5	1	-
positive-0.001-0-0-0-0.05-0	F	0	false	false	0.001	0	0	0.05	0	0.5	0.5	1	-
positive-0.001-0-0-0-0-0.05	F	0	false	false	0.001	0	0	0	0.05	0.5	0.5	1	-
positive-0.001-0-0-0-0.05-0.02	F	0	false	false	0.001	0	0	0.05	0.02	0.5	0.5	1	-
positive-0.001-0-0-0-0-0	F	0	false	false	0.001	0	0	0	0	0.5	0.5	1	-
positive-0.001-0-0-1-0.05-0	F	0	false	true	0.001	0	0	0.05	0	0.5	0.5	1	-
positive-0.001-0-0-1-0-0.05	F	0	false	true	0.001	0	0	0	0.05	0.5	0.5	1	-
positive-0.001-0-0-1-0.05-0.02	F	0	false	true	0.001	0	0	0.05	0.02	0.5	0.5	1	-
positive-0.001-0-0-1-0-0	F	0	false	true	0.001	0	0	0	0	0.5	0.5	1	-
positive-0.001-0-1-0-0.05-0	F	0	true	false	0.001	0	0	0.05	0	0.5	0.5	1	-
positive-0.001-0-1-0-0-0.05	F	0	true	false	0.001	0	0	0	0.05	0.5	0.5	1	-
positive-0.001-0-1-0-0.05-0.02	F	0	true	false	0.001	0	0	0.05	0.02	0.5	0.5	1	-
positive-0.001-0-1-0-0-0	F	0	true	false	0.001	0	0	0	0	0.5	0.5	1	-
positive-0.001-0-1-1-0.05-0	F	0	true	true	0.001	0	0	0.05	0	0.5	0.5	1	-
positive-0.001-0-1-1-0-0.05	F	0	true	true	0.001	0	0	0	0.05	0.5	0.5	1	-
positive-0.001-0-1-1-0.05-0.02	F	0	true	true	0.001	0	0	0.05	0.02	0.5	0.5	1	-
positive-0.001-0-1-1-0-0	F	0	true	true	0.001	0	0	0	0	0.5	0.5	1	-
positive-0.001-1-0-0-0.05-0	F	1	false	false	0.001	0	0	0.05	0	0.5	0.5	1	-
positive-0.001-1-0-0-0-0.05	F	1	false	false	0.001	0	0	0	0.05	0.5	0.5	1	-
positive-0.001-1-0-0-0.05-0.02	F	1	false	false	0.001	0	0	0.05	0.02	0.5	0.5	1	-
positive-0.001-1-0-0-0-0	F	1	false	false	0.001	0	0	0	0	0.5	0.5	1	-
positive-0.001-1-0-1-0.05-0	F	1	false	true	0.001	0	0	0.05	0	0.5	0.5	1	-
positive-0.001-1-0-1-0-0.05	F	1	false	true	0.001	0	0	0	0.05	0.5	0.5	1	-
positive-0.001-1-0-1-0.05-0.02	F	1	false	true	0.001	0	0	0.05	0.02	0.5	0.5	1	-
positive-0.001-1-0-1-0-0	F	1	false	true	0.001	0	0	0	0	0.5	0.5	1	-
positive-0.001-1-1-0-0.05-0	F	1	true	false	0.001	0	0	0.05	0	0.5	0.5	1	-
positive-0.001-1-1-0-0-0.05	F	1	true	false	0.001	0	0	0	0.05	0.5	0.5	1	-
positive-0.001-1-1-0-0.05-0.02	F	1	true	false	0.001	0	0	0.05	0.02	0.5	0.5	1	-
positive-0.001-1-1-0-0-0	F	1	true	false	0.001	0	0	0	0	0.5	0.5	1	-
positive-0.001-1-1-1-0.05-0	F	1	true	true	0.001	0	0	0.05	0	0.5	0.5	1	-
positive-0.001-1-1-1-0-0.05	F	1	true	true	0.001	0	0	0	0.05	0.5	0.5	1	-
positive-0.001-1-1-1-0.05-0.02	F	1	true	true	0.001	0	0	0.05	0.02	0.5	0.5	1	-
positive-0.001-1-1-1-0-0	F	1	true	true	0.001	0	0	0	0	0.5	0.5	1	-
positive-0.001-2-0-0-0.05-0	F	2	false	false	0.001	0	0	0.05	0	0.5	0.5	1	-
positive-0.001-2-0-0-0-0.05	F	2	false	false	0.001	0	0	0	0.05	0.5	0.5	1	-
positive-0.001-2-0-0-0.05-0.02	F	2	false	false	0.001	0	0	0.05	0.02	0.5	0.5	1	-
positive-0.001-2-0-0-0-0	F	2	false	false	0.001	0	0	0	0	0.5	0.5	1	-
positive-0.001-2-0-1-0.05-0	F	2	false	true	0.001	0	0	0.05	0	0.5	0.5	1	-
positive-0.001-2-0-1-0-0.05	F	2	false	true	0.001	0	0	0	0.05	0.5	0.5	1	-
positive-0.001-2-0-1-0.05-0.02	F	2	false	true	0.001	0	0	0.05	0.02	0.5	0.5	1	-
positive-0.001-2-0-1-0-0	F	2	false	true	0.001	0	0	0	0	0.5	0.5	1	-
positive-0.001-2-1-0-0.05-0	F	2	true	false	0.001	0	0	0.05	0	0.5	0.5	1	-
positive-0.001-2-1-0-0-0.05	F	2	true	false	0.001	0	0	0	0.05	0.5	0.5	1	-
positive-0.001-2-1-0-0.05-0.02	F	2	true	false	0.001	0	0	0.05	0.02	0.5	0.5	1	-
positive-0.001-2-1-0-0-0	F	2	true	false	0.001	0	0	0	0	0.5	0.5	1	-
positive-0.001-2-1-1-0.05-0	F	2	true	true	0.001	0	0	0.05	0	0.5	0.5	1	-
positive-0.001-2-1-1-0-0.05	F	2	true	true	0.001	0	0	0	0.05	0.5	0.5	1	-
positive-0.001-2-1-1-0.05-0.02	F	2	true	true	0.001	0	0	0.05	0.02	0.5	0.5	1	-
positive-0.001-2-1-1-0-0	F	2	true	true	0.001	0	0	0	0	0.5	0.5	1	-
positive-0.001-3-0-0-0.05-0	F	3	false	false	0.001	0	0	0.05	0	0.5	0.5	1	-
positive-0.001-3-0-0-0-0.05	F	3	false	false	0.001	0	0	0	0.05	0.5	0.5	1	-
positive-0.001-3-0-0-0.05-0.02	F	3	false	false	0.001	0	0	0.05	0.02	0.5	0.5	1	-
positive-0.001-3-0-0-0-0	F	3	false	false	0.001	0	0	0	0	0.5	0.5	1	-
positive-0.001-3-0-1-0.05-0	F	3	false	true	0.001	0	0	0.05	0	0.5	0.5	1	-
positive-0.001-3-0-1-0-0.05	F	3	false	true	0.001	0	0	0	0.05	0.5	0.5	1	-
positive-0.001-3-0-1-0.05-0.02	F	3	false	true	0.001	0	0	0.05	0.02	0.5	0.5	1	-
positive-0.001-3-0-1-0-0	F	3	false	true	0.001	0	0	0	0	0.5	0.5	1	-
positive-0.001-3-1-0-0.05-0	F	3	true	false	0.001	0	0	0.05	0	0.5	0.5	1	-
positive-0.001-3-1-0-0-0.05	F	3	true	false	0.001	0	0	0	0.05	0.5	0.5	1	-
positive-0.001-3-1-0-0.05-0.02	F	3	true	false	0.001	0	0	0.05	0.02	0.5	0.5	1	-
positive-0.001-3-1-0-0-0	F	3	true	false	0.001	0	0	0	0	0.5	0.5	1	-
positive-0.001-3-1-1-0.05-0	F	3	true	true	0.001	0	0	0.05	0	0.5	0.5	1	-
positive-0.001-3-1-1-0-0.05	F	3	true	true	0.001	0	0	0	0.05	0.5	0.5	1	-
positive-0.001-3-1-1-0.05-0.02	F	3	true	true	0.001	0	0	0.05	0.02	0.5	0.5	1	-
positive-0.001-3-1-1-0-0	F	3	true	true	0.001	0	0	0	0	0.5	0.5	1	-
positive-0.001-4-0-0-0.05-0	F	4	false	false	0.001	0	0	0.05	0	0.5	0.5	1	-
positive-0.001-4-0-0-0-0.05	F	4	false	false	0.001	0	0	0	0.05	0.5	0.5	1	-
positive-0.001-4-0-0-0.05-0.02	F	4	false	false	0.001	0	0	0.05	0.02	0.5	0.5	1	-
positive-0.001-4-0-0-0-0	F	4	false	false	0.001	0	0	0	0	0.5	0.5	1	-
positive-0.001-4-0-1-0.05-0	F	4	false	true	0.001	0	0	0.05	0	0.5	0.5	1	-
positive-0.001-4-0-1-0-0.05	F	4	false	true	0.001	0	0	0	0.05	0.5	0.5	1	-
positive-0.001-4-0-1-0.05-0.02	F	4	false	true	0.001	0	0	0.05	0.02	0.5	0.5	1	-
positive-0.001-4-0-1-0-0	F	4	false	true	0.001	0	0	0	0	0.5	0.5	1	-
positive-0.001-4-1-0-0.05-0	F	4	true	false	0.001	0	0	0.05	0	0.5	0.5	1	-
positive-0.001-4-1-0-0-0.05	F	4	true	false	0.001	0	0	0	0.05	0.5	0.5	1	-
positive-0.001-4-1-0-0.05-0.02	F	4	true	false	0.001	0	0	0.05	0.02	0.5	0.5	1	-
positive-0.001-4-1-0-0-0	F	4	true	false	0.001	0	0	0	0	0.5	0.5	1	-
positive-0.001-4-1-1-0.05-0	F	4	true	true	0.001	0	0	0.05	0	0.5	0.5	1	-
positive-0.001-4-1-1-0-0.05	F	4	true	true	0.001	0	0	0	0.05	0.5	0.5	1	-
positive-0.001-4-1-1-0.05-0.02	F	4	true	true	0.001	0	0	0.05	0.02	0.5	0.5	1	-
positive-0.001-4-1-1-0-0	F	4	true	true	0.001	0	0	0	0	0.5	0.5	1	-
positive-0.001-5-0-0-0.05-0	F	5	false	false	0.001	0	0	0.05	0	0.5	0.5	1	-
positive-0.001-5-0-0-0-0.05	F	5	false	false	0.001	0	0	0	0.05	0.5	0.5	1	-
positive-0.001-5-0-0-0.05-0.02	F	5	false	false	0.001	0	0	0.05	0.02	0.5	0.5	1	-
positive-0.001-5-0-0-0-0	F	5	false	false	0.001	0	0	0	0	0.5	0.5	1	-
positive-0.001-5-0-1-0.05-0	F	5	false	true	0.001	0	0	0.05	0	0.5	0.5	1	-
positive-0.001-5-0-1-0-0.05	F	5	false	true	0.001	0	0	0	0.05	0.5	0.5	1	-
positive-0.001-5-0-1-0.05-0.02	F	5	false	true	0.001	0	0	0.05	0.02	0.5	0.5	1	-
positive-0.001-5-0-1-0-0	F	5	false	true	0.001	0	0	0	0	0.5	0.5	1	-
positive-0.001-5-1-0-0.05-0	F	5	true	false	0.001	0	0	0.05	0	0.5	0.5	1	-
positive-0.001-5-1-0-0-0.05	F	5	true	false	0.001	0	0	0	0.05	0.5	0.5	1	-
positive-0.001-5-1-0-0.05-0.02	F	5	true	false	0.001	0	0	0.05	0.02	0.5	0.5	1	-
positive-0.001-5-1-0-0-0	F	5	true	false	0.001	0	0	0	0	0.5	0.5	1	-
positive-0.001-5-1-1-0.05-0	F	5	true	true	0.001	0	0	0.05	0	0.5	0.5	1	-
positive-0.001-5-1-1-0-0.05	F	5	true	true	0.001	0	0	0	0.05	0.5	0.5	1	-
positive-0.001-5-1-1-0.05-0.02	F	5	true	true	0.001	0	0	0.05	0.02	0.5	0.5	1	-
positive-0.001-5-1-1-0-0	F	5	true	true	0.001	0	0	0	0	0.5	0.5	1	-
positive-0.001-6-0-0-0.05-0	F	6	false	false	0.001	0	0	0.05	0	0.5	0.5	1	-
positive-0.001-6-0-0-0-0.05	F	6	false	false	0.001	0	0	0	0.05	0.5	0.5	1	-
positive-0.001-6-0-0-0.05-0.02	F	6	false	false	0.001	0	0	0.05	0.02	0.5	0.5	1	-
positive-0.001-6-0-0-0-0	F	6	false	false	0.001	0	0	0	0	0.5	0.5	1	-
positive-0.001-6-0-1-0.05-0	F	6	false	true	0.001	0	0	0.05	0	0.5	0.5	1	-
positive-0.001-6-0-1-0-0.05	F	6	false	true	0.001	0	0	0	0.05	0.5	0.5	1	-
positive-0.001-6-0-1-0.05-0.02	F	6	false	true	0.001	0	0	0.05	0.02	0.5	0.5	1	-
positive-0.001-6-0-1-0-0	F	6	false	true	0.001	0	0	0	0	0.5	0.5	1	-
positive-0.001-6-1-0-0.05-0	F	6	true	false	0.001	0	0	0.05	0	0.5	0.5	1	-
positive-0.001-6-1-0-0-0.05	F	6	true	false	0.001	0	0	0	0.05	0.5	0.5	1	-
positive-0.001-6-1-0-0.05-0.02	F	6	true	false	0.001	0	0	0.05	0.02	0.5	0.5	1	-
positive-0.001-6-1-0-0-0	F	6	true	false	0.001	0	0	0	0	0.5	0.5	1	-
positive-0.001-6-1-1-0.05-0	F	6	true	true	0.001	0	0	0.05	0	0.5	0.5	1	-
positive-0.001-6-1-1-0-0.05	F	6	true	true	0.001	0	0	0	0.05	0.5	0.5	1	-
positive-0.001-6-1-1-0.05-0.02	F	6	true	true	0.001	0	0	0.05	0.02	0.5	0.5	1	-
positive-0.001-6-1-1-0-0	F	6	true	true	0.001	0	0	0	0	0.5	0.5	1	-
positive-0.001-7-0-0-0.05-0	F	7	false	false	0.001	0	0	0.05	0	0.5	0.5	1	-
positive-0.001-7-0-0-0-0.05	F	7	false	false	0.001	0	0	0	0.05	0.5	0.5	1	-
positive-0.001-7-0-0-0.05-0.02	F	7	false	false	0.001	0	0	0.05	0.02	0.5	0.5	1	-
positive-0.001-7-0-0-0-0	F	7	false	false	0.001	0	0	0	0	0.5	0.5	1	-
positive-0.001-7-0-1-0.05-0	F	7	false	true	0.001	0	0	0.05	0	0.5	0.5	1	-
positive-0.001-7-0-1-0-0.05	F	7	false	true	0.001	0	0	0	0.05	0.5	0.5	1	-
positive-0.001-7-0-1-0.05-0.02	F	7	false	true	0.001	0	0	0.05	0.02	0.5	0.5	1	-
positive-0.001-7-0-1-0-0	F	7	false	true	0.001	0	0	0	0	0.5	0.5	1	-
positive-0.001-7-1-0-0.05-0	F	7	true	false	0.001	0	0	0.05	0	0.5	0.5	1	-
positive-0.001-7-1-0-0-0.05	F	7	true	false	0.001	0	0	0	0.05	0.5	0.5	1	-
positive-0.001-7-1-0-0.05-0.02	F	7	true	false	0.001	0	0	0.05	0.02	0.5	0.5	1	-
positive-0.001-7-1-0-0-0	F	7	true	false	0.001	0	0	0	0	0.5	0.5	1	-
positive-0.001-7-1-1-0.05-0	F	7	true	true	0.001	0	0	0.05	0	0.5	0.5	1	-
positive-0.001-7-1-1-0-0.05	F	7	true	true	0.001	0	0	0	0.05	0.5	0.5	1	-
positive-0.001-7-1-1-0.05-0.02	F	7	true	true	0.001	0	0	0.05	0.02	0.5	0.5	1	-
positive-0.001-7-1-1-0-0	F	7	true	true	0.001	0	0	0	0	0.5	0.5	1	-
positive-0.1-0-0-0-0.05-0	F	0	false	false	0.1	0	0	0.05	0	0.5	0.5	1	-
positive-0.1-0-0-0-0-0.05	F	0	false	false	0.1	0	0	0	0.05	0.5	0.5	1	-
positive-0.1-0-0-0-0.05-0.02	F	0	false	false	0.1	0	0	0.05	0.02	0.5	0.5	1	-
positive-0.1-0-0-0-0-0	F	0	false	false	0.1	0	0	0	0	0.5	0.5	1	-
positive-0.1-0-0-1-0.05-0	F	0	false	true	0.1	0	0	0.05	0	0.5	0.5	1	-
positive-0.1-0-0-1-0-0.05	F	0	false	true	0.1	0	0	0	0.05	0.5	0.5	1	-
positive-0.1-0-0-1-0.05-0.02	F	0	false	true	0.1	0	0	0.05	0.02	0.5	0.5	1	-
positive-0.1-0-0-1-0-0	F	0	false	true	0.1	0	0	0	0	0.5	0.5	1	-
positive-0.1-0-1-0-0.05-0	F	0	true	false	0.1	0	0	0.05	0	0.5	0.5	1	-
positive-0.1-0-1-0-0-0.05	F	0	true	false	0.1	0	0	0	0.05	0.5	0.5	1	-
positive-0.1-0-1-0-0.05-0.02	F	0	true	false	0.1	0	0	0.05	0.02	0.5	0.5	1	-
positive-0.1-0-1-0-0-0	F	0	true	false	0.1	0	0	0	0	0.5	0.5	1	-
positive-0.1-0-1-1-0.05-0	F	0	true	true	0.1	0	0	0.05	0	0.5	0.5	1	-
positive-0.1-0-1-1-0-0.05	F	0	true	true	0.1	0	0	0	0.05	0.5	0.5	1	-
positive-0.1-0-1-1-0.05-0.02	F	0	true	true	0.1	0	0	0.05	0.02	0.5	0.5	1	-
positive-0.1-0-1-1-0-0	F	0	true	true	0.1	0	0	0	0	0.5	0.5	1	-
positive-0.1-1-0-0-0.05-0	F	1	false	false	0.1	0	0	0.05	0	0.5	0.5	1	-
positive-0.1-1-0-0-0-0.05	F	1	false	false	0.1	0	0	0	0.05	0.5	0.5	1	-
positive-0.1-1-0-0-0.05-0.02	F	1	false	false	0.1	0	0	0.05	0.02	0.5	0.5	1	-
positive-0.1-1-0-0-0-0	F	1	false	false	0.1	0	0	0	0	0.5	0.5	1	-
positive-0.1-1-0-1-0.05-0	F	1	false	true	0.1	0	0	0.05	0	0.5	0.5	1	-
positive-0.1-1-0-1-0-0.05	F	1	false	true	0.1	0	0	0	0.05	0.5	0.5	1	-
positive-0.1-1-0-1-0.05-0.02	F	1	false	true	0.1	0	0	0.05	0.02	0.5	0.5	1	-
positive-0.1-1-0-1-0-0	F	1	false	true	0.1	0	0	0	0	0.5	0.5	1	-
positive-0.1-1-1-0-0.05-0	F	1	true	false	0.1	0	0	0.05	0	0.5	0.5	1	-
positive-0.1-1-1-0-0-0.05	F	1	true	false	0.1	0	0	0	0.05	0.5	0.5	1	-
positive-0.1-1-1-0-0.05-0.02	F	1	true	false	0.1	0	0	0.05	0.02	0.5	0.5	1	-
positive-0.1-1-1-0-0-0	F	1	true	false	0.1	0	0	0	0	0.5	0.5	1	-
positive-0.1-1-1-1-0.05-0	F	1	true	true	0.1	0	0	0.05	0	0.5	0.5	1	-
positive-0.1-1-1-1-0-0.05	F	1	true	true	0.1	0	0	0	0.05	0.5	0.5	1	-
positive-0.1-1-1-1-0.05-0.02	F	1	true	true	0.1	0	0	0.05	0.02	0.5	0.5	1	-
positive-0.1-1-1-1-0-0	F	1	true	true	0.1	0	0	0	0	0.5	0.5	1	-
positive-0.1-2-0-0-0.05-0	F	2	false	false	0.1	0	0	0.05	0	0.5	0.5	1	-
positive-0.1-2-0-0-0-0.05	F	2	false	false	0.1	0	0	0	0.05	0.5	0.5	1	-
positive-0.1-2-0-0-0.05-0.02	F	2	false	false	0.1	0	0	0.05	0.02	0.5	0.5	1	-
positive-0.1-2-0-0-0-0	F	2	false	false	0.1	0	0	0	0	0.5	0.5	1	-
positive-0.1-2-0-1-0.05-0	F	2	false	true	0.1	0	0	0.05	0	0.5	0.5	1	-
positive-0.1-2-0-1-0-0.05	F	2	false	true	0.1	0	0	0	0.05	0.5	0.5	1	-
positive-0.1-2-0-1-0.05-0.02	F	2	false	true	0.1	0	0	0.05	0.02	0.5	0.5	1	-
positive-0.1-2-0-1-0-0	F	2	false	true	0.1	0	0	0	0	0.5	0.5	1	-
positive-0.1-2-1-0-0.05-0	F	2	true	false	0.1	0	0	0.05	0	0.5	0.5	1	-
positive-0.1-2-1-0-0-0.05	F	2	true	false	0.1	0	0	0	0.05	0.5	0.5	1	-
positive-0.1-2-1-0-0.05-0.02	F	2	true	false	0.1	0	0	0.05	0.02	0.5	0.5	1	-
positive-0.1-2-1-0-0-0	F	2	true	false	0.1	0	0	0	0	0.5	0.5	1	-
positive-0.1-2-1-1-0.05-0	F	2	true	true	0.1	0	0	0.05	0	0.5	0.5	1	-
positive-0.1-2-1-1-0-0.05	F	2	true	true	0.1	0	0	0	0.05	0.5	0.5	1	-
positive-0.1-2-1-1-0.05-0.02	F	2	true	true	0.1	0	0	0.05	0.02	0.5	0.5	1	-
positive-0.1-2-1-1-0-0	F	2	true	true	0.1	0	0	0	0	0.5	0.5	1	-
positive-0.1-3-0-0-0.05-0	F	3	false	false	0.1	0	0	0.05	0	0.5	0.5	1	-
positive-0.1-3-0-0-0-0.05	F	3	false	false	0.1	0	0	0	0.05	0.5	0.5	1	-
positive-0.1-3-0-0-0.05-0.02	F	3	false	false	0.1	0	0	0.05	0.02	0.5	0.5	1	-
positive-0.1-3-0-0-0-0	F	3	false	false	0.1	0	0	0	0	0.5	0.5	1	-
positive-0.1-3-0-1-0.05-0	F	3	false	true	0.1	0	0	0.05	0	0.5	0.5	1	-
positive-0.1-3-0-1-0-0.05	F	3	false	true	0.1	0	0	0	0.05	0.5	0.5	1	-
positive-0.1-3-0-1-0.05-0.02	F	3	false	true	0.1	0	0	0.05	0.02	0.5	0.5	1	-
positive-0.1-3-0-1-0-0	F	3	false	true	0.1	0	0	0	0	0.5	0.5	1	-
positive-0.1-3-1-0-0.05-0	F	3	true	false	0.1	0	0	0.05	0	0.5	0.5	1	-
positive-0.1-3-1-0-0-0.05	F	3	true	false	0.1	0	0	0	0.05	0.5	0.5	1	-
positive-0.1-3-1-0-0.05-0.02	F	3	true	false	0.1	0	0	0.05	0.02	0.5	0.5	1	-
positive-0.1-3-1-0-0-0	F	3	true	false	0.1	0	0	0	0	0.5	0.5	1	-
positive-0.1-3-1-1-0.05-0	F	3	true	true	0.1	0	0	0.05	0	0.5	0.5	1	-
positive-0.1-3-1-1-0-0.05	F	3	true	true	0.1	0	0	0	0.05	0.5	0.5	1	-
positive-0.1-3-1-1-0.05-0.02	F	3	true	true	0.1	0	0	0.05	0.02	0.5	0.5	1	-
positive-0.1-3-1-1-0-0	F	3	true	true	0.1	0	0	0	0	0.5	0.5	1	-
positive-0.1-4-0-0-0.05-0	F	4	false	false	0.1	0	0	0.05	0	0.5	0.5	1	-
positive-0.1-4-0-0-0-0.05	F	4	false	false	0.1	0	0	0	0.05	0.5	0.5	1	-
positive-0.1-4-0-0-0.05-0.02	F	4	false	false	0.1	0	0	0.05	0.02	0.5	0.5	1	-
positive-0.1-4-0-0-0-0	F	4	false	false	0.1	0	0	0	0	0.5	0.5	1	-
positive-0.1-4-0-1-0.05-0	F	4	false	true	0.1	0	0	0.05	0	0.5	0.5	1	-
positive-0.1-4-0-1-0-0.05	F	4	false	true	0.1	0	0	0	0.05	0.5	0.5	1	-
positive-0.1-4-0-1-0.05-0.02	F	4	false	true	0.1	0	0	0.05	0.02	0.5	0.5	1	-
positive-0.1-4-0-1-0-0	F	4	false	true	0.1	0	0	0	0	0.5	0.5	1	-
positive-0.1-4-1-0-0.05-0	F	4	true	false	0.1	0	0	0.05	0	0.5	0.5	1	-
positive-0.1-4-1-0-0-0.05	F	4	true	false	0.1	0	0	0	0.05	0.5	0.5	1	-
positive-0.1-4-1-0-0.05-0.02	F	4	true	false	0.1	0	0	0.05	0.02	0.5	0.5	1	-
positive-0.1-4-1-0-0-0	F	4	true	false	0.1	0	0	0	0	0.5	0.5	1	-
positive-0.1-4-1-1-0.05-0	F	4	true	true	0.1	0	0	0.05	0	0.5	0.5	1	-
positive-0.1-4-1-1-0-0.05	F	4	true	true	0.1	0	0	0	0.05	0.5	0.5	1	-
positive-0.1-4-1-1-0.05-0.02	F	4	true	true	0.1	0	0	0.05	0.02	0.5	0.5	1	-
positive-0.1-4-1-1-0-0	F	4	true	true	0.1	0	0	0	0	0.5	0.5	1	-
positive-0.1-5-0-0-0.05-0	F	5	false	false	0.1	0	0	0.05	0	0.5	0.5	1	-
positive-0.1-5-0-0-0-0.05	F	5	false	false	0.1	0	0	0	0.05	0.5	0.5	1	-
positive-0.1-5-0-0-0.05-0.02	F	5	false	false	0.1	0	0	0.05	0.02	0.5	0.5	1	-
positive-0.1-5-0-0-0-0	F	5	false	false	0.1	0	0	0	0	0.5	0.5	1	-
positive-0.1-5-0-1-0.05-0	F	5	false	true	0.1	0	0	0.05	0	0.5	0.5	1	-
positive-0.1-5-0-1-0-0.05	F	5	false	true	0.1	0	0	0	0.05	0.5	0.5	1	-
positive-0.1-5-0-1-0.05-0.02	F	5	false	true	0.1	0	0	0.05	0.02	0.5	0.5	1	-
positive-0.1-5-0-1-0-0	F	5	false	true	0.1	0	0	0	0	0.5	0.5	1	-
positive-0.1-5-1-0-0.05-0	F	5	true	false	0.1	0	0	0.05	0	0.5	0.5	1	-
positive-0.1-5-1-0-0-0.05	F	5	true	false	0.1	0	0	0	0.05	0.5	0.5	1	-
positive-0.1-5-1-0-0.05-0.02	F	5	true	false	0.1	0	0	0.05	0.02	0.5	0.5	1	-
positive-0.1-5-1-0-0-0	F	5	true	false	0.1	0	0	0	0	0.5	0.5	1	-
positive-0.1-5-1-1-0.05-0	F	5	true	true	0.1	0	0	0.05	0	0.5	0.5	1	-
positive-0.1-5-1-1-0-0.05	F	5	true	true	0.1	0	0	0	0.05	0.5	0.5	1	-
positive-0.1-5-1-1-0.05-0.02	F	5	true	true	0.1	0	0	0.05	0.02	0.5	0.5	1	-
positive-0.1-5-1-1-0-0	F	5	true	true	0.1	0	0	0	0	0.5	0.5	1	-
positive-0.1-6-0-0-0.05-0	F	6	false	false	0.1	0	0	0.05	0	0.5	0.5	1	-
positive-0.1-6-0-0-0-0.05	F	6	false	false	0.1	0	0	0	0.05	0.5	0.5	1	-
positive-0.1-6-0-0-0.05-0.02	F	6	false	false	0.1	0	0	0.05	0.02	0.5	0.5	1	-
positive-0.1-6-0-0-0-0	F	6	false	false	0.1	0	0	0	0	0.5	0.5	1	-
positive-0.1-6-0-1-0.05-0	F	6	false	true	0.1	0	0	0.05	0	0.5	0.5	1	-
positive-0.1-6-0-1-0-0.05	F	6	false	true	0.1	0	0	0	0.05	0.5	0.5	1	-
positive-0.1-6-0-1-0.05-0.02	F	6	false	true	0.1	0	0	0.05	0.02	0.5	0.5	1	-
positive-0.1-6-0-1-0-0	F	6	false	true	0.1	0	0	0	0	0.5	0.5	1	-
positive-0.1-6-1-0-0.05-0	F	6	true	false	0.1	0	0	0.05	0	0.5	0.5	1	-
positive-0.1-6-1-0-0-0.05	F	6	true	false	0.1	0	0	0	0.05	0.5	0.5	1	-
positive-0.1-6-1-0-0.05-0.02	F	6	true	false	0.1	0	0	0.05	0.02	0.5	0.5	1	-
positive-0.1-6-1-0-0-0	F	6	true	false	0.1	0	0	0	0	0.5	0.5	1	-
positive-0.1-6-1-1-0.05-0	F	6	true	true	0.1	0	0	0.05	0	0.5	0.5	1	-
positive-0.1-6-1-1-0-0.05	F	6	true	true	0.1	0	0	0	0.05	0.5	0.5	1	-
positive-0.1-6-1-1-0.05-0.02	F	6	true	true	0.1	0	0	0.05	0.02	0.5	0.5	1	-
positive-0.1-6-1-1-0-0	F	6	true	true	0.1	0	0	0	0	0.5	0.5	1	-
positive-0.1-7-0-0-0.05-0	F	7	false	false	0.1	0	0	0.05	0	0.5	0.5	1	-
positive-0.1-7-0-0-0-0.05	F	7	false	false	0.1	0	0	0	0.05	0.5	0.5	1	-
positive-0.1-7-0-0-0.05-0.02	F	7	false	false	0.1	0	0	0.05	0.02	0.5	0.5	1	-
positive-0.1-7-0-0-0-0	F	7	false	false	0.1	0	0	0	0	0.5	0.5	1	-
positive-0.1-7-0-1-0.05-0	F	7	false	true	0.1	0	0	0.05	0	0.5	0.5	1	-
positive-0.1-7-0-1-0-0.05	F	7	false	true	0.1	0	0	0	0.05	0.5	0.5	1	-
positive-0.1-7-0-1-0.05-0.02	F	7	false	true	0.1	0	0	0.05	0.02	0.5	0.5	1	-
positive-0.1-7-0-1-0-0	F	7	false	true	0.1	0	0	0	0	0.5	0.5	1	-
positive-0.1-7-1-0-0.05-0	F	7	true	false	0.1	0	0	0.05	0	0.5	0.5	1	-
positive-0.1-7-1-0-0-0.05	F	7	true	false	0.1	0	0	0	0.05	0.5	0.5	1	-
positive-0.1-7-1-0-0.05-0.02	F	7	true	false	0.1	0	0	0.05	0.02	0.5	0.5	1	-
positive-0.1-7-1-0-0-0	F	7	true	false	0.1	0	0	0	0	0.5	0.5	1	-
positive-0.1-7-1-1-0.05-0	F	7	true	true	0.1	0	0	0.05	0	0.5	0.5	1	-
positive-0.1-7-1-1-0-0.05	F	7	true	true	0.1	0	0	0	0.05	0.5	0.5	1	-
positive-0.1-7-1-1-0.05-0.02	F	7	true	true	0.1	0	0	0.05	0.02	0.5	0.5	1	-
positive-0.1-7-1-1-0-0	F	7	true	true	0.1	0	0	0	0	0.5	0.5	1	-
positive-1-0-0-0-0.05-0	F	0	false	false	1	0	0	0.05	0	0.5	0.5	1	-
positive-1-0-0-0-0-0.05	F	0	false	false	1	0	0	0	0.05	0.5	0.5	1	-
positive-1-0-0-0-0.05-0.02	F	0	false	false	1	0	0	0.05	0.02	0.5	0.5	1	-
positive-1-0-0-0-0-0	F	0	false	false	1	0	0	0	0	0.5	0.5	1	-
positive-1-0-0-1-0.05-0	F	0	false	true	1	0	0	0.05	0	0.5	0.5	1	-
positive-1-0-0-1-0-0.05	F	0	false	true	1	0	0	0	0.05	0.5	0.5	1	-
positive-1-0-0-1-0.05-0.02	F	0	false	true	1	0	0	0.05	0.02	0.5	0.5	1	-
positive-1-0-0-1-0-0	F	0	false	true	1	0	0	0	0	0.5	0.5	1	-
positive-1-0-1-0-0.05-0	F	0	true	false	1	0	0	0.05	0	0.5	0.5	1	-
positive-1-0-1-0-0-0.05	F	0	true	false	1	0	0	0	0.05	0.5	0.5	1	-
positive-1-0-1-0-0.05-0.02	F	0	true	false	1	0	0	0.05	0.02	0.5	0.5	1	-
positive-1-0-1-0-0-0	F	0	true	false	1	0	0	0	0	0.5	0.5	1	-
positive-1-0-1-1-0.05-0	F	0	true	true	1	0	0	0.05	0	0.5	0.5	1	-
positive-1-0-1-1-0-0.05	F	0	true	true	1	0	0	0	0.05	0.5	0.5	1	-
positive-1-0-1-1-0.05-0.02	F	0	true	true	1	0	0	0.05	0.02	0.5	0.5	1	-
positive-1-0-1-1-0-0	F	0	true	true	1	0	0	0	0	0.5	0.5	1	-
positive-1-1-0-0-0.05-0	F	1	false	false	1	0	0	0.05	0	0.5	0.5	1	-
positive-1-1-0-0-0-0.05	F	1	false	false	1	0	0	0	0.05	0.5	0.5	1	-
positive-1-1-0-0-0.05-0.02	F	1	false	false	1	0	0	0.05	0.02	0.5	0.5	1	-
positive-1-1-0-0-0-0	F	1	false	false	1	0	0	0	0	0.5	0.5	1	-
positive-1-1-0-1-0.05-0	F	1	false	true	1	0	0	0.05	0	0.5	0.5	1	-
positive-1-1-0-1-0-0.05	F	1	false	true	1	0	0	0	0.05	0.5	0.5	1	-
positive-1-1-0-1-0.05-0.02	F	1	false	true	1	0	0	0.05	0.02	0.5	0.5	1	-
positive-1-1-0-1-0-0	F	1	false	true	1	0	0	0	0	0.5	0.5	1	-
positive-1-1-1-0-0.05-0	F	1	true	false	1	0	0	0.05	0	0.5	0.5	1	-
positive-1-1-1-0-0-0.05	F	1	true	false	1	0	0	0	0.05	0.5	0.5	1	-
positive-1-1-1-0-0.05-0.02	F	1	true	false	1	0	0	0.05	0.02	0.5	0.5	1	-
positive-1-1-1-0-0-0	F	1	true	false	1	0	0	0	0	0.5	0.5	1	-
positive-1-1-1-1-0.05-0	F	1	true	true	1	0	0	0.05	0	0.5	0.5	1	-
positive-1-1-1-1-0-0.05	F	1	true	true	1	0	0	0	0.05	0.5	0.5	1	-
positive-1-1-1-1-0.05-0.02	F	1	true	true	1	0	0	0.05	0.02	0.5	0.5	1	-
positive-1-1-1-1-0-0	F	1	true	true	1	0	0	0	0	0.5	0.5	1	-
positive-1-2-0-0-0.05-0	F	2	false	false	1	0	0	0.05	0	0.5	0.5	1	-
positive-1-2-0-0-0-0.05	F	2	false	false	1	0	0	0	0.05	0.5	0.5	1	-
positive-1-2-0-0-0.05-0.02	F	2	false	false	1	0	0	0.05	0.02	0.5	0.5	1	-
positive-1-2-0-0-0-0	F	2	false	false	1	0	0	0	0	0.5	0.5	1	-
positive-1-2-0-1-0.05-0	F	2	false	true	1	0	0	0.05	0	0.5	0.5	1	-
positive-1-2-0-1-0-0.05	F	2	false	true	1	0	0	0	0.05	0.5	0.5	1	-
positive-1-2-0-1-0.05-0.02	F	2	false	true	1	0	0	0.05	0.02	0.5	0.5	1	-
positive-1-2-0-1-0-0	F	2	false	true	1	0	0	0	0	0.5	0.5	1	-
positive-1-2-1-0-0.05-0	F	2	true	false	1	0	0	0.05	0	0.5	0.5	1	-
positive-1-2-1-0-0-0.05	F	2	true	false	1	0	0	0	0.05	0.5	0.5	1	-
positive-1-2-1-0-0.05-0.02	F	2	true	false	1	0	0	0.05	0.02	0.5	0.5	1	-
positive-1-2-1-0-0-0	F	2	true	false	1	0	0	0	0	0.5	0.5	1	-
positive-1-2-1-1-0.05-0	F	2	true	true	1	0	0	0.05	0	0.5	0.5	1	-
positive-1-2-1-1-0-0.05	F	2	true	true	1	0	0	0	0.05	0.5	0.5	1	-
positive-1-2-1-1-0.05-0.02	F	2	true	true	1	0	0	0.05	0.02	0.5	0.5	1	-
positive-1-2-1-1-0-0	F	2	true	true	1	0	0	0	0	0.5	0.5	1	-
positive-1-3-0-0-0.05-0	F	3	false	false	1	0	0	0.05	0	0.5	0.5	1	-
positive-1-3-0-0-0-0.05	F	3	false	false	1	0	0	0	0.05	0.5	0.5	1	-
positive-1-3-0-0-0.05-0.02	F	3	false	false	1	0	0	0.05	0.02	0.5	0.5	1	-
positive-1-3-0-0-0-0	F	3	false	false	1	0	0	0	0	0.5	0.5	1	-
positive-1-3-0-1-0.05-0	F	3	false	true	1	0	0	0.05	0	0.5	0.5	1	-
positive-1-3-0-1-0-0.05	F	3	false	true	1	0	0	0	0.05	0.5	0.5	1	-
positive-1-3-0-1-0.05-0.02	F	3	false	true	1	0	0	0.05	0.02	0.5	0.5	1	-
positive-1-3-0-1-0-0	F	3	false	true	1	0	0	0	0	0.5	0.5	1	-
positive-1-3-1-0-0.05-0	F	3	true	false	1	0	0	0.05	0	0.5	0.5	1	-
positive-1-3-1-0-0-0.05	F	3	true	false	1	0	0	0	0.05	0.5	0.5	1	-
positive-1-3-1-0-0.05-0.02	F	3	true	false	1	0	0	0.05	0.02	0.5	0.5	1	-
positive-1-3-1-0-0-0	F	3	true	false	1	0	0	0	0	0.5	0.5	1	-
positive-1-3-1-1-0.05-0	F	3	true	true	1	0	0	0.05	0	0.5	0.5	1	-
positive-1-3-1-1-0-0.05	F	3	true	true	1	0	0	0	0.05	0.5	0.5	1	-
positive-1-3-1-1-0.05-0.02	F	3	true	true	1	0	0	0.05	0.02	0.5	0.5	1	-
positive-1-3-1-1-0-0	F	3	true	true	1	0	0	0	0	0.5	0.5	1	-
positive-1-4-0-0-0.05-0	F	4	false	false	1	0	0	0.05	0	0.5	0.5	1	-
positive-1-4-0-0-0-0.05	F	4	false	false	1	0	0	0	0.05	0.5	0.5	1	-
positive-1-4-0-0-0.05-0.02	F	4	false	false	1	0	0	0.05	0.02	0.5	0.5	1	-
positive-1-4-0-0-0-0	F	4	false	false	1	0	0	0	0	0.5	0.5	1	-
positive-1-4-0-1-0.05-0	F	4	false	true	1	0	0	0.05	0	0.5	0.5	1	-
positive-1-4-0-1-0-0.05	F	4	false	true	1	0	0	0	0.05	0.5	0.5	1	-
positive-1-4-0-1-0.05-0.02	F	4	false	true	1	0	0	0.05	0.02	0.5	0.5	1	-
positive-1-4-0-1-0-0	F	4	false	true	1	0	0	0	0	0.5	0.5	1	-
positive-1-4-1-0-0.05-0	F	4	true	false	1	0	0	0.05	0	0.5	0.5	1	-
positive-1-4-1-0-0-0.05	F	4	true	false	1	0	0	0	0.05	0.5	0.5	1	-
positive-1-4-1-0-0.05-0.02	F	4	true	false	1	0	0	0.05	0.02	0.5	0.5	1	-
positive-1-4-1-0-0-0	F	4	true	false	1	0	0	0	0	0.5	0.5	1	-
positive-1-4-1-1-0.05-0	F	4	true	true	1	0	0	0.05	0	0.5	0.5	1	-
positive-1-4-1-1-0-0.05	F	4	true	true	1	0	0	0	0.05	0.5	0.5	1	-
positive-1-4-1-1-0.05-0.02	F	4	true	true	1	0	0	0.05	0.02	0.5	0.5	1	-
positive-1-4-1-1-0-0	F	4	true	true	1	0	0	0	0	0.5	0.5	1	-
positive-1-5-0-0-0.05-0	F	5	false	false	1	0	0	0.05	0	0.5	0.5	1	-
positive-1-5-0-0-0-0.05	F	5	false	false	1	0	0	0	0.05	0.5	0.5	1	-
positive-1-5-0-0-0.05-0.02	F	5	false	false	1	0	0	0.05	0.02	0.5	0.5	1	-
positive-1-5-0-0-0-0	F	5	false	false	1	0	0	0	0	0.5	0.5	1	-
positive-1-5-0-1-0.05-0	F	5	false	true	1	0	0	0.05	0	0.5	0.5	1	-
positive-1-5-0-1-0-0.05	F	5	false	true	1	0	0	0	0.05	0.5	0.5	1	-
positive-1-5-0-1-0.05-0.02	F	5	false	true	1	0	0	0.05	0.02	0.5	0.5	1	-
positive-1-5-0-1-0-0	F	5	false	true	1	0	0	0	0	0.5	0.5	1	-
positive-1-5-1-0-0.05-0	F	5	true	false	1	0	0	0.05	0	0.5	0.5	1	-
positive-1-5-1-0-0-0.05	F	5	true	false	1	0	0	0	0.05	0.5	0.5	1	-
positive-1-5-1-0-0.05-0.02	F	5	true	false	1	0	0	0.05	0.02	0.5	0.5	1	-
positive-1-5-1-0-0-0	F	5	true	false	1	0	0	0	0	0.5	0.5	1	-
positive-1-5-1-1-0.05-0	F	5	true	true	1	0	0	0.05	0	0.5	0.5	1	-
positive-1-5-1-1-0-0.05	F	5	true	true	1	0	0	0	0.05	0.5	0.5	1	-
positive-1-5-1-1-0.05-0.02	F	5	true	true	1	0	0	0.05	0.02	0.5	0.5	1	-
positive-1-5-1-1-0-0	F	5	true	true	1	0	0	0	0	0.5	0.5	1	-
positive-1-6-0-0-0.05-0	F	6	false	false	1	0	0	0.05	0	0.5	0.5	1	-
positive-1-6-0-0-0-0.05	F	6	false	false	1	0	0	0	0.05	0.5	0.5	1	-
positive-1-6-0-0-0.05-0.02	F	6	false	false	1	0	0	0.05	0.02	0.5	0.5	1	-
positive-1-6-0-0-0-0	F	6	false	false	1	0	0	0	0	0.5	0.5	1	-
positive-1-6-0-1-0.05-0	F	6	false	true	1	0	0	0.05	0	0.5	0.5	1	-
positive-1-6-0-1-0-0.05	F	6	false	true	1	0	0	0	0.05	0.5	0.5	1	-
positive-1-6-0-1-0.05-0.02	F	6	false	true	1	0	0	0.05	0.02	0.5	0.5	1	-
positive-1-6-0-1-0-0	F	6	false	true	1	0	0	0	0	0.5	0.5	1	-
positive-1-6-1-0-0.05-0	F	6	true	false	1	0	0	0.05	0	0.5	0.5	1	-
positive-1-6-1-0-0-0.05	F	6	true	false	1	0	0	0	0.05	0.5	0.5	1	-
positive-1-6-1-0-0.05-0.02	F	6	true	false	1	0	0	0.05	0.02	0.5	0.5	1	-
positive-1-6-1-0-0-0	F	6	true	false	1	0	0	0	0	0.5	0.5	1	-
positive-1-6-1-1-0.05-0	F	6	true	true	1	0	0	0.05	0	0.5	0.5	1	-
positive-1-6-1-1-0-0.05	F	6	true	true	1	0	0	0	0.05	0.5	0.5	1	-
positive-1-6-1-1-0.05-0.02	F	6	true	true	1	0	0	0.05	0.02	0.5	0.5	1	-
positive-1-6-1-1-0-0	F	6	true	true	1	0	0	0	0	0.5	0.5	1	-
positive-1-7-0-0-0.05-0	F	7	false	false	1	0	0	0.05	0	0.5	0.5	1	-
positive-1-7-0-0-0-0.05	F	7	false	false	1	0	0	0	0.05	0.5	0.5	1	-
positive-1-7-0-0-0.05-0.02	F	7	false	false	1	0	0	0.05	0.02	0.5	0.5	1	-
positive-1-7-0-0-0-0	F	7	false	false	1	0	0	0	0	0.5	0.5	1	-
positive-1-7-0-1-0.05-0	F	7	false	true	1	0	0	0.05	0	0.5	0.5	1	-
positive-1-7-0-1-0-0.05	F	7	false	true	1	0	0	0	0.05	0.5	0.5	1	-
positive-1-7-0-1-0.05-0.02	F	7	false	true	1	0	0	0.05	0.02	0.5	0.5	1	-
positive-1-7-0-1-0-0	F	7	false	true	1	0	0	0	0	0.5	0.5	1	-
positive-1-7-1-0-0.05-0	F	7	true	false	1	0	0	0.05	0	0.5	0.5	1	-
positive-1-7-1-0-0-0.05	F	7	true	false	1	0	0	0	0.05	0.5	0.5	1	-
positive-1-7-1-0-0.05-0.02	F	7	true	false	1	0	0	0.05	0.02	0.5	0.5	1	-
positive-1-7-1-0-0-0	F	7	true	false	1	0	0	0	0	0.5	0.5	1	-
positive-1-7-1-1-0.05-0	F	7	true	true	1	0	0	0.05	0	0.5	0.5	1	-
positive-1-7-1-1-0-0.05	F	7	true	true	1	0	0	0	0.05	0.5	0.5	1	-
positive-1-7-1-1-0.05-0.02	F	7	true	true	1	0	0	0.05	0.02	0.5	0.5	1	-
positive-1-7-1-1-0-0	F	7	true	true	1	0	0	0	0	0.5	0.5	1	-
positive-10-0-0-0-0.05-0	F	0	false	false	10	0	0	0.05	0	0.5	0.5	1	-
positive-10-0-0-0-0-0.05	F	0	false	false	10	0	0	0	0.05	0.5	0.5	1	-
positive-10-0-0-0-0.05-0.02	F	0	false	false	10	0	0	0.05	0.02	0.5	0.5	1	-
positive-10-0-0-0-0-0	F	0	false	false	10	0	0	0	0	0.5	0.5	1	-
positive-10-0-0-1-0.05-0	F	0	false	true	10	0	0	0.05	0	0.5	0.5	1	-
positive-10-0-0-1-0-0.05	F	0	false	true	10	0	0	0	0.05	0.5	0.5	1	-
positive-10-0-0-1-0.05-0.02	F	0	false	true	10	0	0	0.05	0.02	0.5	0.5	1	-
positive-10-0-0-1-0-0	F	0	false	true	10	0	0	0	0	0.5	0.5	1	-
positive-10-0-1-0-0.05-0	F	0	true	false	10	0	0	0.05	0	0.5	0.5	1	-
positive-10-0-1-0-0-0.05	F	0	true	false	10	0	0	0	0.05	0.5	0.5	1	-
positive-10-0-1-0-0.05-0.02	F	0	true	false	10	0	0	0.05	0.02	0.5	0.5	1	-
positive-10-0-1-0-0-0	F	0	true	false	10	0	0	0	0	0.5	0.5	1	-
positive-10-0-1-1-0.05-0	F	0	true	true	10	0	0	0.05	0	0.5	0.5	1	-
positive-10-0-1-1-0-0.05	F	0	true	true	10	0	0	0	0.05	0.5	0.5	1	-
positive-10-0-1-1-0.05-0.02	F	0	true	true	10	0	0	0.05	0.02	0.5	0.5	1	-
positive-10-0-1-1-0-0	F	0	true	true	10	0	0	0	0	0.5	0.5	1	-
positive-10-1-0-0-0.05-0	F	1	false	false	10	0	0	0.05	0	0.5	0.5	1	-
positive-10-1-0-0-0-0.05	F	1	false	false	10	0	0	0	0.05	0.5	0.5	1	-
positive-10-1-0-0-0.05-0.02	F	1	false	false	10	0	0	0.05	0.02	0.5	0.5	1	-
positive-10-1-0-0-0-0	F	1	false	false	10	0	0	0	0	0.5	0.5	1	-
positive-10-1-0-1-0.05-0	F	1	false	true	10	0	0	0.05	0	0.5	0.5	1	-
positive-10-1-0-1-0-0.05	F	1	false	true	10	0	0	0	0.05	0.5	0.5	1	-
positive-10-1-0-1-0.05-0.02	F	1	false	true	10	0	0	0.05	0.02	0.5	0.5	1	-
positive-10-1-0-1-0-0	F	1	false	true	10	0	0	0	0	0.5	0.5	1	-
positive-10-1-1-0-0.05-0	F	1	true	false	10	0	0	0.05	0	0.5	0.5	1	-
positive-10-1-1-0-0-0.05	F	1	true	false	10	0	0	0	0.05	0.5	0.5	1	-
positive-10-1-1-0-0.05-0.02	F	1	true	false	10	0	0	0.05	0.02	0.5	0.5	1	-
positive-10-1-1-0-0-0	F	1	true	false	10	0	0	0	0	0.5	0.5	1	-
positive-10-1-1-1-0.05-0	F	1	true	true	10	0	0	0.05	0	0.5	0.5	1	-
positive-10-1-1-1-0-0.05	F	1	true	true	10	0	0	0	0.05	0.5	0.5	1	-
positive-10-1-1-1-0.05-0.02	F	1	true	true	10	0	0	0.05	0.02	0.5	0.5	1	-
positive-10-1-1-1-0-0	F	1	true	true	10	0	0	0	0	0.5	0.5	1	-
positive-10-2-0-0-0.05-0	F	2	false	false	10	0	0	0.05	0	0.5	0.5	1	-
positive-10-2-0-0-0-0.05	F	2	false	false	10	0	0	0	0.05	0.5	0.5	1	-
positive-10-2-0-0-0.05-0.02	F	2	false	false	10	0	0	0.05	0.02	0.5	0.5	1	-
positive-10-2-0-0-0-0	F	2	false	false	10	0	0	0	0	0.5	0.5	1	-
positive-10-2-0-1-0.05-0	F	2	false	true	10	0	0	0.05	0	0.5	0.5	1	-
positive-10-2-0-1-0-0.05	F	2	false	true	10	0	0	0	0.05	0.5	0.5	1	-
positive-10-2-0-1-0.05-0.02	F	2	false	true	10	0	0	0.05	0.02	0.5	0.5	1	-
positive-10-2-0-1-0-0	F	2	false	true	10	0	0	0	0	0.5	0.5	1	-
positive-10-2-1-0-0.05-0	F	2	true	false	10	0	0	0.05	0	0.5	0.5	1	-
positive-10-2-1-0-0-0.05	F	2	true	false	10	0	0	0	0.05	0.5	0.5	1	-
positive-10-2-1-0-0.05-0.02	F	2	true	false	10	0	0	0.05	0.02	0.5	0.5	1	-
positive-10-2-1-0-0-0	F	2	true	false	10	0	0	0	0	0.5	0.5	1	-
positive-10-2-1-1-0.05-0	F	2	true	true	10	0	0	0.05	0	0.5	0.5	1	-
positive-10-2-1-1-0-0.05	F	2	true	true	10	0	0	0	0.05	0.5	0.5	1	-
positive-10-2-1-1-0.05-0.02	F	2	true	true	10	0	0	0.05	0.02	0.5	0.5	1	-
positive-10-2-1-1-0-0	F	2	true	true	10	0	0	0	0	0.5	0.5	1	-
positive-10-3-0-0-0.05-0	F	3	false	false	10	0	0	0.05	0	0.5	0.5	1	-
positive-10-3-0-0-0-0.05	F	3	false	false	10	0	0	0	0.05	0.5	0.5	1	-
positive-10-3-0-0-0.05-0.02	F	3	false	false	10	0	0	0.05	0.02	0.5	0.5	1	-
positive-10-3-0-0-0-0	F	3	false	false	10	0	0	0	0	0.5	0.5	1	-
positive-10-3-0-1-0.05-0	F	3	false	true	10	0	0	0.05	0	0.5	0.5	1	-
positive-10-3-0-1-0-0.05	F	3	false	true	10	0	0	0	0.05	0.5	0.5	1	-
positive-10-3-0-1-0.05-0.02	F	3	false	true	10	0	0	0.05	0.02	0.5	0.5	1	-
positive-10-3-0-1-0-0	F	3	false	true	10	0	0	0	0	0.5	0.5	1	-
positive-10-3-1-0-0.05-0	F	3	true	false	10	0	0	0.05	0	0.5	0.5	1	-
positive-10-3-1-0-0-0.05	F	3	true	false	10	0	0	0	0.05	0.5	0.5	1	-
positive-10-3-1-0-0.05-0.02	F	3	true	false	10	0	0	0.05	0.02	0.5	0.5	1	-
positive-10-3-1-0-0-0	F	3	true	false	10	0	0	0	0	0.5	0.5	1	-
positive-10-3-1-1-0.05-0	F	3	true	true	10	0	0	0.05	0	0.5	0.5	1	-
positive-10-3-1-1-0-0.05	F	3	true	true	10	0	0	0	0.05	0.5	0.5	1	-
positive-10-3-1-1-0.05-0.02	F	3	true	true	10	0	0	0.05	0.02	0.5	0.5	1	-
positive-10-3-1-1-0-0	F	3	true	true	10	0	0	0	0	0.5	0.5	1	-
positive-10-4-0-0-0.05-0	F	4	false	false	10	0	0	0.05	0	0.5	0.5	1	-
positive-10-4-0-0-0-0.05	F	4	false	false	10	0	0	0	0.05	0.5	0.5	1	-
positive-10-4-0-0-0.05-0.02	F	4	false	false	10	0	0	0.05	0.02	0.5	0.5	1	-
positive-10-4-0-0-0-0	F	4	false	false	10	0	0	0	0	0.5	0.5	1	-
positive-10-4-0-1-0.05-0	F	4	false	true	10	0	0	0.05	0	0.5	0.5	1	-
positive-10-4-0-1-0-0.05	F	4	false	true	10	0	0	0	0.05	0.5	0.5	1	-
positive-10-4-0-1-0.05-0.02	F	4	false	true	10	0	0	0.05	0.02	0.5	0.5	1	-
positive-10-4-0-1-0-0	F	4	false	true	10	0	0	0	0	0.5	0.5	1	-
positive-10-4-1-0-0.05-0	F	4	true	false	10	0	0	0.05	0	0.5	0.5	1	-
positive-10-4-1-0-0-0.05	F	4	true	false	10	0	0	0	0.05	0.5	0.5	1	-
positive-10-4-1-0-0.05-0.02	F	4	true	false	10	0	0	0.05	0.02	0.5	0.5	1	-
positive-10-4-1-0-0-0	F	4	true	false	10	0	0	0	0	0.5	0.5	1	-
positive-10-4-1-1-0.05-0	F	4	true	true	10	0	0	0.05	0	0.5	0.5	1	-
positive-10-4-1-1-0-0.05	F	4	true	true	10	0	0	0	0.05	0.5	0.5	1	-
positive-10-4-1-1-0.05-0.02	F	4	true	true	10	0	0	0.05	0.02	0.5	0.5	1	-
positive-10-4-1-1-0-0	F	4	true	true	10	0	0	0	0	0.5	0.5	1	-
positive-10-5-0-0-0.05-0	F	5	false	false	10	0	0	0.05	0	0.5	0.5	1	-
positive-10-5-0-0-0-0.05	F	5	false	false	10	0	0	0	0.05	0.5	0.5	1	-
positive-10-5-0-0-0.05-0.02	F	5	false	false	10	0	0	0.05	0.02	0.5	0.5	1	-
positive-10-5-0-0-0-0	F	5	false	false	10	0	0	0	0	0.5	0.5	1	-
positive-10-5-0-1-0.05-0	F	5	false	true	10	0	0	0.05	0	0.5	0.5	1	-
positive-10-5-0-1-0-0.05	F	5	false	true	10	0	0	0	0.05	0.5	0.5	1	-
positive-10-5-0-1-0.05-0.02	F	5	false	true	10	0	0	0.05	0.02	0.5	0.5	1	-
positive-10-5-0-1-0-0	F	5	false	true	10	0	0	0	0	0.5	0.5	1	-
positive-10-5-1-0-0.05-0	F	5	true	false	10	0	0	0.05	0	0.5	0.5	1	-
positive-10-5-1-0-0-0.05	F	5	true	false	10	0	0	0	0.05	0.5	0.5	1	-
positive-10-5-1-0-0.05-0.02	F	5	true	false	10	0	0	0.05	0.02	0.5	0.5	1	-
positive-10-5-1-0-0-0	F	5	true	false	10	0	0	0	0	0.5	0.5	1	-
positive-10-5-1-1-0.05-0	F	5	true	true	10	0	0	0.05	0	0.5	0.5	1	-
positive-10-5-1-1-0-0.05	F	5	true	true	10	0	0	0	0.05	0.5	0.5	1	-
positive-10-5-1-1-0.05-0.02	F	5	true	true	10	0	0	0.05	0.02	0.5	0.5	1	-
positive-10-5-1-1-0-0	F	5	true	true	10	0	0	0	0	0.5	0.5	1	-
positive-10-6-0-0-0.05-0	F	6	false	false	10	0	0	0.05	0	0.5	0.5	1	-
positive-10-6-0-0-0-0.05	F	6	false	false	10	0	0	0	0.05	0.5	0.5	1	-
positive-10-6-0-0-0.05-0.02	F	6	false	false	10	0	0	0.05	0.02	0.5	0.5	1	-
positive-10-6-0-0-0-0	F	6	false	false	10	0	0	0	0	0.5	0.5	1	-
positive-10-6-0-1-0.05-0	F	6	false	true	10	0	0	0.05	0	0.5	0.5	1	-
positive-10-6-0-1-0-0.05	F	6	false	true	10	0	0	0	0.05	0.5	0.5	1	-
positive-10-6-0-1-0.05-0.02	F	6	false	true	10	0	0	0.05	0.02	0.5	0.5	1	-
positive-10-6-0-1-0-0	F	6	false	true	10	0	0	0	0	0.5	0.5	1	-
positive-10-6-1-0-0.05-0	F	6	true	false	10	0	0	0.05	0	0.5	0.5	1	-
positive-10-6-1-0-0-0.05	F	6	true	false	10	0	0	0	0.05	0.5	0.5	1	-
positive-10-6-1-0-0.05-0.02	F	6	true	false	10	0	0	0.05	0.02	0.5	0.5	1	-
positive-10-6-1-0-0-0	F	6	true	false	10	0	0	0	0	0.5	0.5	1	-
positive-10-6-1-1-0.05-0	F	6	true	true	10	0	0	0.05	0	0.5	0.5	1	-
positive-10-6-1-1-0-0.05	F	6	true	true	10	0	0	0	0.05	0.5	0.5	1	-
positive-10-6-1-1-0.05-0.02	F	6	true	true	10	0	0	0.05	0.02	0.5	0.5	1	-
positive-10-6-1-1-0-0	F	6	true	true	10	0	0	0	0	0.5	0.5	1	-
positive-10-7-0-0-0.05-0	F	7	false	false	10	0	0	0.05	0	0.5	0.5	1	-
positive-10-7-0-0-0-0.05	F	7	false	false	10	0	0	0	0.05	0.5	0.5	1	-
positive-10-7-0-0-0.05-0.02	F	7	false	false	10	0	0	0.05	0.02	0.5	0.5	1	-
positive-10-7-0-0-0-0	F	7	false	false	10	0	0	0	0	0.5	0.5	1	-
positive-10-7-0-1-0.05-0	F	7	false	true	10	0	0	0.05	0	0.5	0.5	1	-
positive-10-7-0-1-0-0.05	F	7	false	true	10	0	0	0	0.05	0.5	0.5	1	-
positive-10-7-0-1-0.05-0.02	F	7	false	true	10	0	0	0.05	0.02	0.5	0.5	1	-
positive-10-7-0-1-0-0	F	7	false	true	10	0	0	0	0	0.5	0.5	1	-
positive-10-7-1-0-0.05-0	F	7	true	false	10	0	0	0.05	0	0.5	0.5	1	-
positive-10-7-1-0-0-0.05	F	7	true	false	10	0	0	0	0.05	0.5	0.5	1	-
positive-10-7-1-0-0.05-0.02	F	7	true	false	10	0	0	0.05	0.02	0.5	0.5	1	-
positive-10-7-1-0-0-0	F	7	true	false	10	0	0	0	0	0.5	0.5	1	-
positive-10-7-1-1-0.05-0	F	7	true	true	10	0	0	0.05	0	0.5	0.5	1	-
positive-10-7-1-1-0-0.05	F	7	true	true	10	0	0	0	0.05	0.5	0.5	1	-
positive-10-7-1-1-0.05-0.02	F	7	true	true	10	0	0	0.05	0.02	0.5	0.5	1	-
positive-10-7-1-1-0-0	F	7	true	true	10	0	0	0	0	0.5	0.5	1	-
invalid-negative-zs	F	3	true	false	0	0	0	-0.1	0	0.5	0.5	0	-
invalid-negative-zr	F	3	true	false	0	0	0	0.05	-0.1	0.5	0.5	0	-
invalid-nan-zs	F	3	true	false	0	0	0	NaN	0	0.5	0.5	0	-
invalid-infinite-zr	F	3	true	false	0	0	0	0.05	Infinity	0.5	0.5	0	-
invalid-negative-g	F	3	true	false	0	0	0	0.05	0	-0.1	0.5	0	-
invalid-over-gp	F	3	true	false	0	0	0	0.05	0	0.5	1.1	0	-
invalid-nan-gw-fav	F	3	true	false	0	0	0	0.05	0	NaN	0.5	0	-
invalid-inf-gw-fav	F	3	true	false	0	0	0	0.05	0	Infinity	0.5	0	-
invalid-negative-form	F	3	true	false	0	0	0	0.05	0	0.5	0.5	-0.1	-
invalid-nan-form	F	3	true	false	0	0	0	0.05	0	0.5	0.5	NaN	-
invalid-negative-dp	F	3	true	false	-1	0	0	0.05	0	0.5	0.5	0	-
invalid-nan-dp	F	3	true	false	NaN	0	0	0.05	0	0.5	0.5	0	-
invalid-inf-dp	F	3	true	false	Infinity	0	0	0.05	0	0.5	0.5	0	-
invalid-k-zero	F	3	true	false	0	0	0	0.05	0	0.5	0.5	0	0
invalid-k-nan	F	3	true	false	0	0	0	0.05	0	0.5	0.5	0	NaN
invalid-k-infinity	F	3	true	false	0	0	0	0.05	0	0.5	0.5	0	Infinity
invalid-k-negative	F	3	true	false	0	0	0	0.05	0	0.5	0.5	0	-343
