zero-0.0-0-0.0-0.0	H	3	false	false	0.0	0	0.0	0	0	0.0	0.0	0	-
zero-0.0-0-0.0-0.5	H	3	false	false	0.0	0	0.0	0	0	0.5	0.5	0	-
zero-0.0-0-0.0-1.0	H	3	false	false	0.0	0	0.0	0	0	1.0	1.0	0	-
zero-0.0-0.05-0-0.0	H	3	false	false	0.0	0.05	0	0	0	0.0	0.0	0	-
zero-0.0-0.05-0-0.5	H	3	false	false	0.0	0.05	0	0	0	0.5	0.5	0	-
zero-0.0-0.05-0-1.0	H	3	false	false	0.0	0.05	0	0	0	1.0	1.0	0	-
zero-0.0-1-2-0.0	H	3	false	false	0.0	1	2	0	0	0.0	0.0	0	-
zero-0.0-1-2-0.5	H	3	false	false	0.0	1	2	0	0	0.5	0.5	0	-
zero-0.0-1-2-1.0	H	3	false	false	0.0	1	2	0	0	1.0	1.0	0	-
zero--0.0-0-0.0-0.0	H	3	false	false	-0.0	0	0.0	0	0	0.0	0.0	0	-
zero--0.0-0-0.0-0.5	H	3	false	false	-0.0	0	0.0	0	0	0.5	0.5	0	-
zero--0.0-0-0.0-1.0	H	3	false	false	-0.0	0	0.0	0	0	1.0	1.0	0	-
zero--0.0-0.05-0-0.0	H	3	false	false	-0.0	0.05	0	0	0	0.0	0.0	0	-
zero--0.0-0.05-0-0.5	H	3	false	false	-0.0	0.05	0	0	0	0.5	0.5	0	-
zero--0.0-0.05-0-1.0	H	3	false	false	-0.0	0.05	0	0	0	1.0	1.0	0	-
zero--0.0-1-2-0.0	H	3	false	false	-0.0	1	2	0	0	0.0	0.0	0	-
zero--0.0-1-2-0.5	H	3	false	false	-0.0	1	2	0	0	0.5	0.5	0	-
zero--0.0-1-2-1.0	H	3	false	false	-0.0	1	2	0	0	1.0	1.0	0	-
negative-height	H	3	false	false	0	-0.1	0	0	0	0.5	0.5	0	-
nan-source-height	H	3	false	false	0	NaN	0	0	0	0.5	0.5	0	-
infinite-receiver-height	H	3	false	false	0	0	Infinity	0	0	0.5	0.5	0	-
gm-negative	H	3	false	false	0	0.05	0	0	0	-0.1	-0.1	0	-
gm-over-one	H	3	false	false	0	0.05	0	0	0	1.1	1.1	0	-
gm-nan	H	3	false	false	0	0.05	0	0	0	NaN	NaN	0	-
negative-dp	H	3	false	false	-1	0.05	0	0	0	0.5	0.5	0	-
nan-dp	H	3	false	false	NaN	0.05	0	0	0	0.5	0.5	0	-
positive-infinity-dp	H	3	false	false	Infinity	0.05	0	0	0	0.5	0.5	0	-
positive-1e-09-0-0-0	H	3	false	false	1e-09	0	0	0	0	0	0	0	-
positive-1e-09-0-0-0.25	H	3	false	false	1e-09	0	0	0	0	0.25	0.25	0	-
positive-1e-09-0-0-0.5	H	3	false	false	1e-09	0	0	0	0	0.5	0.5	0	-
positive-1e-09-0-0-1	H	3	false	false	1e-09	0	0	0	0	1	1	0	-
positive-1e-09-0.05-0-0	H	3	false	false	1e-09	0.05	0	0	0	0	0	0	-
positive-1e-09-0.05-0-0.25	H	3	false	false	1e-09	0.05	0	0	0	0.25	0.25	0	-
positive-1e-09-0.05-0-0.5	H	3	false	false	1e-09	0.05	0	0	0	0.5	0.5	0	-
positive-1e-09-0.05-0-1	H	3	false	false	1e-09	0.05	0	0	0	1	1	0	-
positive-1e-09-1-1-0	H	3	false	false	1e-09	1	1	0	0	0	0	0	-
positive-1e-09-1-1-0.25	H	3	false	false	1e-09	1	1	0	0	0.25	0.25	0	-
positive-1e-09-1-1-0.5	H	3	false	false	1e-09	1	1	0	0	0.5	0.5	0	-
positive-1e-09-1-1-1	H	3	false	false	1e-09	1	1	0	0	1	1	0	-
positive-1e-09-3-1.5-0	H	3	false	false	1e-09	3	1.5	0	0	0	0	0	-
positive-1e-09-3-1.5-0.25	H	3	false	false	1e-09	3	1.5	0	0	0.25	0.25	0	-
positive-1e-09-3-1.5-0.5	H	3	false	false	1e-09	3	1.5	0	0	0.5	0.5	0	-
positive-1e-09-3-1.5-1	H	3	false	false	1e-09	3	1.5	0	0	1	1	0	-
positive-1e-06-0-0-0	H	3	false	false	1e-06	0	0	0	0	0	0	0	-
positive-1e-06-0-0-0.25	H	3	false	false	1e-06	0	0	0	0	0.25	0.25	0	-
positive-1e-06-0-0-0.5	H	3	false	false	1e-06	0	0	0	0	0.5	0.5	0	-
positive-1e-06-0-0-1	H	3	false	false	1e-06	0	0	0	0	1	1	0	-
positive-1e-06-0.05-0-0	H	3	false	false	1e-06	0.05	0	0	0	0	0	0	-
positive-1e-06-0.05-0-0.25	H	3	false	false	1e-06	0.05	0	0	0	0.25	0.25	0	-
positive-1e-06-0.05-0-0.5	H	3	false	false	1e-06	0.05	0	0	0	0.5	0.5	0	-
positive-1e-06-0.05-0-1	H	3	false	false	1e-06	0.05	0	0	0	1	1	0	-
positive-1e-06-1-1-0	H	3	false	false	1e-06	1	1	0	0	0	0	0	-
positive-1e-06-1-1-0.25	H	3	false	false	1e-06	1	1	0	0	0.25	0.25	0	-
positive-1e-06-1-1-0.5	H	3	false	false	1e-06	1	1	0	0	0.5	0.5	0	-
positive-1e-06-1-1-1	H	3	false	false	1e-06	1	1	0	0	1	1	0	-
positive-1e-06-3-1.5-0	H	3	false	false	1e-06	3	1.5	0	0	0	0	0	-
positive-1e-06-3-1.5-0.25	H	3	false	false	1e-06	3	1.5	0	0	0.25	0.25	0	-
positive-1e-06-3-1.5-0.5	H	3	false	false	1e-06	3	1.5	0	0	0.5	0.5	0	-
positive-1e-06-3-1.5-1	H	3	false	false	1e-06	3	1.5	0	0	1	1	0	-
positive-0.001-0-0-0	H	3	false	false	0.001	0	0	0	0	0	0	0	-
positive-0.001-0-0-0.25	H	3	false	false	0.001	0	0	0	0	0.25	0.25	0	-
positive-0.001-0-0-0.5	H	3	false	false	0.001	0	0	0	0	0.5	0.5	0	-
positive-0.001-0-0-1	H	3	false	false	0.001	0	0	0	0	1	1	0	-
positive-0.001-0.05-0-0	H	3	false	false	0.001	0.05	0	0	0	0	0	0	-
positive-0.001-0.05-0-0.25	H	3	false	false	0.001	0.05	0	0	0	0.25	0.25	0	-
positive-0.001-0.05-0-0.5	H	3	false	false	0.001	0.05	0	0	0	0.5	0.5	0	-
positive-0.001-0.05-0-1	H	3	false	false	0.001	0.05	0	0	0	1	1	0	-
positive-0.001-1-1-0	H	3	false	false	0.001	1	1	0	0	0	0	0	-
positive-0.001-1-1-0.25	H	3	false	false	0.001	1	1	0	0	0.25	0.25	0	-
positive-0.001-1-1-0.5	H	3	false	false	0.001	1	1	0	0	0.5	0.5	0	-
positive-0.001-1-1-1	H	3	false	false	0.001	1	1	0	0	1	1	0	-
positive-0.001-3-1.5-0	H	3	false	false	0.001	3	1.5	0	0	0	0	0	-
positive-0.001-3-1.5-0.25	H	3	false	false	0.001	3	1.5	0	0	0.25	0.25	0	-
positive-0.001-3-1.5-0.5	H	3	false	false	0.001	3	1.5	0	0	0.5	0.5	0	-
positive-0.001-3-1.5-1	H	3	false	false	0.001	3	1.5	0	0	1	1	0	-
positive-0.1-0-0-0	H	3	false	false	0.1	0	0	0	0	0	0	0	-
positive-0.1-0-0-0.25	H	3	false	false	0.1	0	0	0	0	0.25	0.25	0	-
positive-0.1-0-0-0.5	H	3	false	false	0.1	0	0	0	0	0.5	0.5	0	-
positive-0.1-0-0-1	H	3	false	false	0.1	0	0	0	0	1	1	0	-
positive-0.1-0.05-0-0	H	3	false	false	0.1	0.05	0	0	0	0	0	0	-
positive-0.1-0.05-0-0.25	H	3	false	false	0.1	0.05	0	0	0	0.25	0.25	0	-
positive-0.1-0.05-0-0.5	H	3	false	false	0.1	0.05	0	0	0	0.5	0.5	0	-
positive-0.1-0.05-0-1	H	3	false	false	0.1	0.05	0	0	0	1	1	0	-
positive-0.1-1-1-0	H	3	false	false	0.1	1	1	0	0	0	0	0	-
positive-0.1-1-1-0.25	H	3	false	false	0.1	1	1	0	0	0.25	0.25	0	-
positive-0.1-1-1-0.5	H	3	false	false	0.1	1	1	0	0	0.5	0.5	0	-
positive-0.1-1-1-1	H	3	false	false	0.1	1	1	0	0	1	1	0	-
positive-0.1-3-1.5-0	H	3	false	false	0.1	3	1.5	0	0	0	0	0	-
positive-0.1-3-1.5-0.25	H	3	false	false	0.1	3	1.5	0	0	0.25	0.25	0	-
positive-0.1-3-1.5-0.5	H	3	false	false	0.1	3	1.5	0	0	0.5	0.5	0	-
positive-0.1-3-1.5-1	H	3	false	false	0.1	3	1.5	0	0	1	1	0	-
positive-1-0-0-0	H	3	false	false	1	0	0	0	0	0	0	0	-
positive-1-0-0-0.25	H	3	false	false	1	0	0	0	0	0.25	0.25	0	-
positive-1-0-0-0.5	H	3	false	false	1	0	0	0	0	0.5	0.5	0	-
positive-1-0-0-1	H	3	false	false	1	0	0	0	0	1	1	0	-
positive-1-0.05-0-0	H	3	false	false	1	0.05	0	0	0	0	0	0	-
positive-1-0.05-0-0.25	H	3	false	false	1	0.05	0	0	0	0.25	0.25	0	-
positive-1-0.05-0-0.5	H	3	false	false	1	0.05	0	0	0	0.5	0.5	0	-
positive-1-0.05-0-1	H	3	false	false	1	0.05	0	0	0	1	1	0	-
positive-1-1-1-0	H	3	false	false	1	1	1	0	0	0	0	0	-
positive-1-1-1-0.25	H	3	false	false	1	1	1	0	0	0.25	0.25	0	-
positive-1-1-1-0.5	H	3	false	false	1	1	1	0	0	0.5	0.5	0	-
positive-1-1-1-1	H	3	false	false	1	1	1	0	0	1	1	0	-
positive-1-3-1.5-0	H	3	false	false	1	3	1.5	0	0	0	0	0	-
positive-1-3-1.5-0.25	H	3	false	false	1	3	1.5	0	0	0.25	0.25	0	-
positive-1-3-1.5-0.5	H	3	false	false	1	3	1.5	0	0	0.5	0.5	0	-
positive-1-3-1.5-1	H	3	false	false	1	3	1.5	0	0	1	1	0	-
positive-20-0-0-0	H	3	false	false	20	0	0	0	0	0	0	0	-
positive-20-0-0-0.25	H	3	false	false	20	0	0	0	0	0.25	0.25	0	-
positive-20-0-0-0.5	H	3	false	false	20	0	0	0	0	0.5	0.5	0	-
positive-20-0-0-1	H	3	false	false	20	0	0	0	0	1	1	0	-
positive-20-0.05-0-0	H	3	false	false	20	0.05	0	0	0	0	0	0	-
positive-20-0.05-0-0.25	H	3	false	false	20	0.05	0	0	0	0.25	0.25	0	-
positive-20-0.05-0-0.5	H	3	false	false	20	0.05	0	0	0	0.5	0.5	0	-
positive-20-0.05-0-1	H	3	false	false	20	0.05	0	0	0	1	1	0	-
positive-20-1-1-0	H	3	false	false	20	1	1	0	0	0	0	0	-
positive-20-1-1-0.25	H	3	false	false	20	1	1	0	0	0.25	0.25	0	-
positive-20-1-1-0.5	H	3	false	false	20	1	1	0	0	0.5	0.5	0	-
positive-20-1-1-1	H	3	false	false	20	1	1	0	0	1	1	0	-
positive-20-3-1.5-0	H	3	false	false	20	3	1.5	0	0	0	0	0	-
positive-20-3-1.5-0.25	H	3	false	false	20	3	1.5	0	0	0.25	0.25	0	-
positive-20-3-1.5-0.5	H	3	false	false	20	3	1.5	0	0	0.5	0.5	0	-
positive-20-3-1.5-1	H	3	false	false	20	3	1.5	0	0	1	1	0	-
positive-100-0-0-0	H	3	false	false	100	0	0	0	0	0	0	0	-
positive-100-0-0-0.25	H	3	false	false	100	0	0	0	0	0.25	0.25	0	-
positive-100-0-0-0.5	H	3	false	false	100	0	0	0	0	0.5	0.5	0	-
positive-100-0-0-1	H	3	false	false	100	0	0	0	0	1	1	0	-
positive-100-0.05-0-0	H	3	false	false	100	0.05	0	0	0	0	0	0	-
positive-100-0.05-0-0.25	H	3	false	false	100	0.05	0	0	0	0.25	0.25	0	-
positive-100-0.05-0-0.5	H	3	false	false	100	0.05	0	0	0	0.5	0.5	0	-
positive-100-0.05-0-1	H	3	false	false	100	0.05	0	0	0	1	1	0	-
positive-100-1-1-0	H	3	false	false	100	1	1	0	0	0	0	0	-
positive-100-1-1-0.25	H	3	false	false	100	1	1	0	0	0.25	0.25	0	-
positive-100-1-1-0.5	H	3	false	false	100	1	1	0	0	0.5	0.5	0	-
positive-100-1-1-1	H	3	false	false	100	1	1	0	0	1	1	0	-
positive-100-3-1.5-0	H	3	false	false	100	3	1.5	0	0	0	0	0	-
positive-100-3-1.5-0.25	H	3	false	false	100	3	1.5	0	0	0.25	0.25	0	-
positive-100-3-1.5-0.5	H	3	false	false	100	3	1.5	0	0	0.5	0.5	0	-
positive-100-3-1.5-1	H	3	false	false	100	3	1.5	0	0	1	1	0	-
positive-1000-0-0-0	H	3	false	false	1000	0	0	0	0	0	0	0	-
positive-1000-0-0-0.25	H	3	false	false	1000	0	0	0	0	0.25	0.25	0	-
positive-1000-0-0-0.5	H	3	false	false	1000	0	0	0	0	0.5	0.5	0	-
positive-1000-0-0-1	H	3	false	false	1000	0	0	0	0	1	1	0	-
positive-1000-0.05-0-0	H	3	false	false	1000	0.05	0	0	0	0	0	0	-
positive-1000-0.05-0-0.25	H	3	false	false	1000	0.05	0	0	0	0.25	0.25	0	-
positive-1000-0.05-0-0.5	H	3	false	false	1000	0.05	0	0	0	0.5	0.5	0	-
positive-1000-0.05-0-1	H	3	false	false	1000	0.05	0	0	0	1	1	0	-
positive-1000-1-1-0	H	3	false	false	1000	1	1	0	0	0	0	0	-
positive-1000-1-1-0.25	H	3	false	false	1000	1	1	0	0	0.25	0.25	0	-
positive-1000-1-1-0.5	H	3	false	false	1000	1	1	0	0	0.5	0.5	0	-
positive-1000-1-1-1	H	3	false	false	1000	1	1	0	0	1	1	0	-
positive-1000-3-1.5-0	H	3	false	false	1000	3	1.5	0	0	0	0	0	-
positive-1000-3-1.5-0.25	H	3	false	false	1000	3	1.5	0	0	0.25	0.25	0	-
positive-1000-3-1.5-0.5	H	3	false	false	1000	3	1.5	0	0	0.5	0.5	0	-
positive-1000-3-1.5-1	H	3	false	false	1000	3	1.5	0	0	1	1	0	-
zero-force-False-0-0-0-0	H	3	false	false	0	0	0	0	0	0	0	0	-
zero-force-False-0-0-0.25-0.75	H	3	false	false	0	0	0	0	0	0.75	0.25	0	-
zero-force-False-0-0-0.5-0.5	H	3	false	false	0	0	0	0	0	0.5	0.5	0	-
zero-force-False-0-0-1-1	H	3	false	false	0	0	0	0	0	1	1	0	-
zero-force-False-0.05-0-0-0	H	3	false	false	0	0.05	0	0	0	0	0	0	-
zero-force-False-0.05-0-0.25-0.75	H	3	false	false	0	0.05	0	0	0	0.75	0.25	0	-
zero-force-False-0.05-0-0.5-0.5	H	3	false	false	0	0.05	0	0	0	0.5	0.5	0	-
zero-force-False-0.05-0-1-1	H	3	false	false	0	0.05	0	0	0	1	1	0	-
zero-force-False-1-2-0-0	H	3	false	false	0	1	2	0	0	0	0	0	-
zero-force-False-1-2-0.25-0.75	H	3	false	false	0	1	2	0	0	0.75	0.25	0	-
zero-force-False-1-2-0.5-0.5	H	3	false	false	0	1	2	0	0	0.5	0.5	0	-
zero-force-False-1-2-1-1	H	3	false	false	0	1	2	0	0	1	1	0	-
zero-force-True-0-0-0-0	H	3	false	true	0	0	0	0	0	0	0	0	-
zero-force-True-0-0-0.25-0.75	H	3	false	true	0	0	0	0	0	0.75	0.25	0	-
zero-force-True-0-0-0.5-0.5	H	3	false	true	0	0	0	0	0	0.5	0.5	0	-
zero-force-True-0-0-1-1	H	3	false	true	0	0	0	0	0	1	1	0	-
zero-force-True-0.05-0-0-0	H	3	false	true	0	0.05	0	0	0	0	0	0	-
zero-force-True-0.05-0-0.25-0.75	H	3	false	true	0	0.05	0	0	0	0.75	0.25	0	-
zero-force-True-0.05-0-0.5-0.5	H	3	false	true	0	0.05	0	0	0	0.5	0.5	0	-
zero-force-True-0.05-0-1-1	H	3	false	true	0	0.05	0	0	0	1	1	0	-
zero-force-True-1-2-0-0	H	3	false	true	0	1	2	0	0	0	0	0	-
zero-force-True-1-2-0.25-0.75	H	3	false	true	0	1	2	0	0	0.75	0.25	0	-
zero-force-True-1-2-0.5-0.5	H	3	false	true	0	1	2	0	0	0.5	0.5	0	-
zero-force-True-1-2-1-1	H	3	false	true	0	1	2	0	0	1	1	0	-
limit-0-0.001-0.05-0	H	0	false	false	0.001	0.05	0	0	0	0.5	0.5	0	-
limit-0-0.001-0-0	H	0	false	false	0.001	0	0	0	0	0.5	0.5	0	-
limit-0-0.001-1-2	H	0	false	false	0.001	1	2	0	0	0.5	0.5	0	-
limit-0-1e-06-0.05-0	H	0	false	false	1e-06	0.05	0	0	0	0.5	0.5	0	-
limit-0-1e-06-0-0	H	0	false	false	1e-06	0	0	0	0	0.5	0.5	0	-
limit-0-1e-06-1-2	H	0	false	false	1e-06	1	2	0	0	0.5	0.5	0	-
limit-0-1e-09-0.05-0	H	0	false	false	1e-09	0.05	0	0	0	0.5	0.5	0	-
limit-0-1e-09-0-0	H	0	false	false	1e-09	0	0	0	0	0.5	0.5	0	-
limit-0-1e-09-1-2	H	0	false	false	1e-09	1	2	0	0	0.5	0.5	0	-
limit-1-0.001-0.05-0	H	1	false	false	0.001	0.05	0	0	0	0.5	0.5	0	-
limit-1-0.001-0-0	H	1	false	false	0.001	0	0	0	0	0.5	0.5	0	-
limit-1-0.001-1-2	H	1	false	false	0.001	1	2	0	0	0.5	0.5	0	-
limit-1-1e-06-0.05-0	H	1	false	false	1e-06	0.05	0	0	0	0.5	0.5	0	-
limit-1-1e-06-0-0	H	1	false	false	1e-06	0	0	0	0	0.5	0.5	0	-
limit-1-1e-06-1-2	H	1	false	false	1e-06	1	2	0	0	0.5	0.5	0	-
limit-1-1e-09-0.05-0	H	1	false	false	1e-09	0.05	0	0	0	0.5	0.5	0	-
limit-1-1e-09-0-0	H	1	false	false	1e-09	0	0	0	0	0.5	0.5	0	-
limit-1-1e-09-1-2	H	1	false	false	1e-09	1	2	0	0	0.5	0.5	0	-
limit-2-0.001-0.05-0	H	2	false	false	0.001	0.05	0	0	0	0.5	0.5	0	-
limit-2-0.001-0-0	H	2	false	false	0.001	0	0	0	0	0.5	0.5	0	-
limit-2-0.001-1-2	H	2	false	false	0.001	1	2	0	0	0.5	0.5	0	-
limit-2-1e-06-0.05-0	H	2	false	false	1e-06	0.05	0	0	0	0.5	0.5	0	-
limit-2-1e-06-0-0	H	2	false	false	1e-06	0	0	0	0	0.5	0.5	0	-
limit-2-1e-06-1-2	H	2	false	false	1e-06	1	2	0	0	0.5	0.5	0	-
limit-2-1e-09-0.05-0	H	2	false	false	1e-09	0.05	0	0	0	0.5	0.5	0	-
limit-2-1e-09-0-0	H	2	false	false	1e-09	0	0	0	0	0.5	0.5	0	-
limit-2-1e-09-1-2	H	2	false	false	1e-09	1	2	0	0	0.5	0.5	0	-
limit-3-0.001-0.05-0	H	3	false	false	0.001	0.05	0	0	0	0.5	0.5	0	-
limit-3-0.001-0-0	H	3	false	false	0.001	0	0	0	0	0.5	0.5	0	-
limit-3-0.001-1-2	H	3	false	false	0.001	1	2	0	0	0.5	0.5	0	-
limit-3-1e-06-0.05-0	H	3	false	false	1e-06	0.05	0	0	0	0.5	0.5	0	-
limit-3-1e-06-0-0	H	3	false	false	1e-06	0	0	0	0	0.5	0.5	0	-
limit-3-1e-06-1-2	H	3	false	false	1e-06	1	2	0	0	0.5	0.5	0	-
limit-3-1e-09-0.05-0	H	3	false	false	1e-09	0.05	0	0	0	0.5	0.5	0	-
limit-3-1e-09-0-0	H	3	false	false	1e-09	0	0	0	0	0.5	0.5	0	-
limit-3-1e-09-1-2	H	3	false	false	1e-09	1	2	0	0	0.5	0.5	0	-
limit-4-0.001-0.05-0	H	4	false	false	0.001	0.05	0	0	0	0.5	0.5	0	-
limit-4-0.001-0-0	H	4	false	false	0.001	0	0	0	0	0.5	0.5	0	-
limit-4-0.001-1-2	H	4	false	false	0.001	1	2	0	0	0.5	0.5	0	-
limit-4-1e-06-0.05-0	H	4	false	false	1e-06	0.05	0	0	0	0.5	0.5	0	-
limit-4-1e-06-0-0	H	4	false	false	1e-06	0	0	0	0	0.5	0.5	0	-
limit-4-1e-06-1-2	H	4	false	false	1e-06	1	2	0	0	0.5	0.5	0	-
limit-4-1e-09-0.05-0	H	4	false	false	1e-09	0.05	0	0	0	0.5	0.5	0	-
limit-4-1e-09-0-0	H	4	false	false	1e-09	0	0	0	0	0.5	0.5	0	-
limit-4-1e-09-1-2	H	4	false	false	1e-09	1	2	0	0	0.5	0.5	0	-
limit-5-0.001-0.05-0	H	5	false	false	0.001	0.05	0	0	0	0.5	0.5	0	-
limit-5-0.001-0-0	H	5	false	false	0.001	0	0	0	0	0.5	0.5	0	-
limit-5-0.001-1-2	H	5	false	false	0.001	1	2	0	0	0.5	0.5	0	-
limit-5-1e-06-0.05-0	H	5	false	false	1e-06	0.05	0	0	0	0.5	0.5	0	-
limit-5-1e-06-0-0	H	5	false	false	1e-06	0	0	0	0	0.5	0.5	0	-
limit-5-1e-06-1-2	H	5	false	false	1e-06	1	2	0	0	0.5	0.5	0	-
limit-5-1e-09-0.05-0	H	5	false	false	1e-09	0.05	0	0	0	0.5	0.5	0	-
limit-5-1e-09-0-0	H	5	false	false	1e-09	0	0	0	0	0.5	0.5	0	-
limit-5-1e-09-1-2	H	5	false	false	1e-09	1	2	0	0	0.5	0.5	0	-
limit-6-0.001-0.05-0	H	6	false	false	0.001	0.05	0	0	0	0.5	0.5	0	-
limit-6-0.001-0-0	H	6	false	false	0.001	0	0	0	0	0.5	0.5	0	-
limit-6-0.001-1-2	H	6	false	false	0.001	1	2	0	0	0.5	0.5	0	-
limit-6-1e-06-0.05-0	H	6	false	false	1e-06	0.05	0	0	0	0.5	0.5	0	-
limit-6-1e-06-0-0	H	6	false	false	1e-06	0	0	0	0	0.5	0.5	0	-
limit-6-1e-06-1-2	H	6	false	false	1e-06	1	2	0	0	0.5	0.5	0	-
limit-6-1e-09-0.05-0	H	6	false	false	1e-09	0.05	0	0	0	0.5	0.5	0	-
limit-6-1e-09-0-0	H	6	false	false	1e-09	0	0	0	0	0.5	0.5	0	-
limit-6-1e-09-1-2	H	6	false	false	1e-09	1	2	0	0	0.5	0.5	0	-
limit-7-0.001-0.05-0	H	7	false	false	0.001	0.05	0	0	0	0.5	0.5	0	-
limit-7-0.001-0-0	H	7	false	false	0.001	0	0	0	0	0.5	0.5	0	-
limit-7-0.001-1-2	H	7	false	false	0.001	1	2	0	0	0.5	0.5	0	-
limit-7-1e-06-0.05-0	H	7	false	false	1e-06	0.05	0	0	0	0.5	0.5	0	-
limit-7-1e-06-0-0	H	7	false	false	1e-06	0	0	0	0	0.5	0.5	0	-
limit-7-1e-06-1-2	H	7	false	false	1e-06	1	2	0	0	0.5	0.5	0	-
limit-7-1e-09-0.05-0	H	7	false	false	1e-09	0.05	0	0	0	0.5	0.5	0	-
limit-7-1e-09-0-0	H	7	false	false	1e-09	0	0	0	0	0.5	0.5	0	-
limit-7-1e-09-1-2	H	7	false	false	1e-09	1	2	0	0	0.5	0.5	0	-
invalid-selected-gw-nan-favourable	H	3	true	false	0	0.05	0	0	0	NaN	0.5	0	-
invalid-selected-gw-infinity-favourable	H	3	true	false	0	0.05	0	0	0	Infinity	0.5	0	-
invalid-selected-gw-negative-favourable	H	3	true	false	0	0.05	0	0	0	-0.5	0.5	0	-
zero-selected-gw-zero-w-finite	H	3	false	false	0	0.05	0	0	0	0.5	0	0	-
invalid-k-zero-celerity	H	3	false	false	0	0.05	0	0	0	0.5	0.5	0	0
invalid-k-nan-celerity	H	3	false	false	0	0.05	0	0	0	0.5	0.5	0	NaN
invalid-k-infinite-celerity	H	3	false	false	0	0.05	0	0	0	0.5	0.5	0	Infinity
invalid-k-negative-celerity	H	3	false	false	0	0.05	0	0	0	0.5	0.5	0	-340
